"Name","GuildCoopMissionId","MissionDisable","GuildCoopMissionGroupId","Mission_Difficulty","MissionIcon","MissionTitle","MissionObjective","MissionType","MissionTarget","Parameter1","Parameter2","ContentsOpenPage","MissionStageId","PcTargetSearchDist","CoordinateRange","MissionCoordinate","AutoBattleType","HelperType","StringMESSAGE","MissionRewardType1","MissionRewardId1","MissionRewardCount1","MissionRewardType2","MissionRewardId2","MissionRewardCount2","MissionRewardType3","MissionRewardId3","MissionRewardCount3"
"3010101","3010101","0","1","3","1300120","600001","610001","9200","3100","1","200610003","3150","200610003","0","0","(X=0,Y=0,Z=0)","0","3008","0","1","2","30000","2","602202306","1","3","0","350"
"3010201","3010201","0","1","3","2530003","600002","610002","8050","110033011","1","0","3100","200601160","0","0","(X=0,Y=0,Z=0)","0","3008","0","1","2","30000","2","602202324","1","3","0","350"
"3010202","3010202","0","1","2","2530003","600003","610003","8050","110030002","1","0","3100","200601010","0","0","(X=0,Y=0,Z=0)","0","3008","0","1","2","30000","2","602202324","1","3","0","350"
"3010301","3010301","0","1","3","2530003","600004","610004","8000","110032901","1","0","3200","200501051","0","0","(X=0,Y=0,Z=0)","0","3008","0","1","2","30000","2","602202326","1","3","0","350"
"3010302","3010302","0","1","2","2530003","600005","610005","8000","110030501","1","0","3200","200601030","0","0","(X=0,Y=0,Z=0)","0","3008","0","1","2","30000","2","602202326","1","3","0","350"
"3010401","3010401","0","1","3","2530001","600006","610006","8250","1","70","0","0","201003042","4500","5000","(X=-9736,Y=-4854,Z=1482)","1","1001","0","1","2","30000","2","603200102","1","3","0","350"
"3010402","3010402","0","1","3","2530001","600006","610007","8250","2","70","0","0","201003042","4500","5000","(X=-4839,Y=10639,Z=9)","1","1001","0","1","2","30000","2","603200102","1","3","0","350"
"3010403","3010403","0","1","3","2530001","600006","610008","8250","3","70","0","0","201003042","4500","5000","(X=5442,Y=-8879,Z=79)","1","1001","0","1","2","30000","2","603200102","1","3","0","350"
"3010501","3010501","0","1","3","2530001","600007","610009","8250","1","70","0","0","201510043","0","0","(X=0,Y=0,Z=0)","1","3003","610261","1","2","30000","2","603200102","1","3","0","350"
"3010502","3010502","0","1","3","2530001","600007","610010","8250","1","70","0","0","201510044","0","0","(X=0,Y=0,Z=0)","1","3003","610262","1","2","30000","2","603200102","1","3","0","350"
"3010503","3010503","0","1","3","2530001","600007","610011","8250","1","70","0","0","201510045","0","0","(X=0,Y=0,Z=0)","1","3003","610263","1","2","30000","2","603200102","1","3","0","350"
"3010601","3010601","0","1","3","1300117","600008","610012","8250","1","70","0","0","10053","1500","2500","(X=89,Y=11377,Z=600)","1","1001","0","1","2","30000","2","603200402","1","3","0","350"
"3010602","3010602","0","1","3","1300117","600008","610013","8250","2","70","0","0","10053","1500","2500","(X=-15871,Y=8932,Z=1222)","1","1001","0","1","2","30000","2","603200402","1","3","0","350"
"3010603","3010603","0","1","3","1300117","600008","610014","8250","3","70","0","0","10053","1500","2500","(X=31,Y=-11759,Z=590)","1","1001","0","1","2","30000","2","603200402","1","3","0","350"
"3010604","3010604","0","1","3","1300117","600008","610015","8250","4","70","0","0","10053","1500","2500","(X=15840,Y=-16804,Z=1822)","1","1001","0","1","2","30000","2","603200402","1","3","0","350"
"3010605","3010605","0","1","3","1300117","600008","610016","8250","5","70","0","0","10053","1500","2500","(X=11735,Y=42,Z=590)","1","1001","0","1","2","30000","2","603200402","1","3","0","350"
"3010606","3010606","0","1","3","1300117","600009","610017","8250","1","70","0","0","10063","1500","2500","(X=8108,Y=-16893,Z=2195)","1","1001","0","1","2","30000","2","603200402","1","3","0","350"
"3010607","3010607","0","1","3","1300117","600009","610018","8250","2","70","0","0","10063","1500","2500","(X=-17239,Y=9340,Z=1185)","1","1001","0","1","2","30000","2","603200402","1","3","0","350"
"3010608","3010608","0","1","3","1300117","600009","610019","8250","3","70","0","0","10063","1500","2500","(X=8639,Y=16683,Z=-884)","1","1001","0","1","2","30000","2","603200402","1","3","0","350"
"3010609","3010609","0","1","3","1300117","600009","610020","8250","4","70","0","0","10063","1500","2500","(X=-7223,Y=-16039,Z=-835)","1","1001","0","1","2","30000","2","603200402","1","3","0","350"
"3010610","3010610","0","1","3","1300117","600009","610021","8250","5","70","0","0","10063","1500","2500","(X=36,Y=10834,Z=115)","1","1001","0","1","2","30000","2","603200402","1","3","0","350"
"3010801","3010801","0","1","2","1300117","600066","610022","8250","1","70","0","0","200022210","4000","8000","(X=-38866,Y=14693,Z=-1020)","1","1001","0","1","2","20000","2","1301201406","3","3","0","350"
"3010802","3010802","0","1","2","1300117","600066","610023","8250","2","70","0","0","200022210","3750","7500","(X=-9927,Y=-13617,Z=-1564)","1","1001","0","1","2","20000","2","1301201406","3","3","0","350"
"3010803","3010803","0","1","2","1300117","600066","610024","8250","3","70","0","0","200022210","1750","3500","(X=16962,Y=18150,Z=-1492)","1","1001","0","1","2","20000","2","1301201406","3","3","0","350"
"3010804","3010804","0","1","2","1300117","600066","610025","8250","4","70","0","0","200022210","5000","10000","(X=-29977,Y=-43075,Z=-2)","1","1001","0","1","2","20000","2","1301201406","3","3","0","350"
"3010805","3010805","0","1","2","1300117","600066","610026","8250","5","70","0","0","200022210","4000","8000","(X=19511,Y=-32793,Z=-225)","1","1001","0","1","2","20000","2","1301201406","3","3","0","350"
"3010901","3010901","0","1","2","2530001","600011","610027","8250","1","70","0","0","107001020","1500","3000","(X=-16989,Y=-15002,Z=365)","1","1001","0","1","2","20000","2","1301201406","3","3","0","350"
"3010902","3010902","0","1","2","2530001","600011","610028","8250","2","70","0","0","107001020","2000","4000","(X=-13551,Y=-9964,Z=269)","1","1001","0","1","2","20000","2","1301201406","3","3","0","350"
"3010903","3010903","0","1","2","2530001","600011","610029","8250","3","70","0","0","107001020","2500","5000","(X=-16646,Y=-2197,Z=-850)","1","1001","0","1","2","20000","2","1301201406","3","3","0","350"
"3010904","3010904","0","1","2","2530001","600011","610030","8250","4","70","0","0","107001020","2000","4000","(X=-3215,Y=-6706,Z=1061)","1","1001","0","1","2","20000","2","1301201406","3","3","0","350"
"3010905","3010905","0","1","2","2530001","600011","610031","8250","5","70","0","0","107001020","2500","5000","(X=6435,Y=-60,Z=-690)","1","1001","0","1","2","20000","2","1301201406","3","3","0","350"
"3010906","3010906","0","1","2","2530001","600011","610031","8250","6","70","0","0","107001020","2000","4000","(X=7428,Y=-12373,Z=999)","1","1001","0","1","2","20000","2","1301201406","3","3","0","350"
"3010907","3010907","0","1","2","2530001","600010","610032","8250","4","70","0","0","107001010","2250","4500","(X=-12024,Y=-15330,Z=-1505)","1","1001","0","1","2","20000","2","1301201406","3","3","0","350"
"3010908","3010908","0","1","2","2530001","600010","610031","8250","6","70","0","0","107001010","2250","4500","(X=16219,Y=17905,Z=-1340)","1","1001","0","1","2","20000","2","1301201406","3","3","0","350"
"3010909","3010909","0","1","2","2530001","600012","610033","8250","2","70","0","0","107002010","1500","3000","(X=-7616,Y=5209,Z=-303)","1","1001","0","1","2","20000","2","1301201406","3","3","0","350"
"3010910","3010910","0","1","2","2530001","600012","610034","8250","3","70","0","0","107002010","1500","3000","(X=-10266,Y=13682,Z=405)","1","1001","0","1","2","20000","2","1301201406","3","3","0","350"
"3010911","3010911","0","1","2","2530001","600012","610035","8250","4","70","0","0","107002010","1500","3000","(X=-11406,Y=-12399,Z=-98)","1","1001","0","1","2","20000","2","1301201406","3","3","0","350"
"3010912","3010912","0","1","2","2530001","600012","610036","8250","5","70","0","0","107002010","1500","3000","(X=-2469,Y=-12364,Z=514)","1","1001","0","1","2","20000","2","1301201406","3","3","0","350"
"3010913","3010913","0","1","2","2530001","600012","610037","8250","6","70","0","0","107002010","1250","2500","(X=11086,Y=-11806,Z=-333)","1","1001","0","1","2","20000","2","1301201406","3","3","0","350"
"3011001","3011001","0","1","1","120083","600013","610038","9111","1","180","0","0","0","0","0","(X=0,Y=0,Z=0)","0","3004","610256","1","2","10000","2","901200402","10","3","0","350"
"3011101","3011101","0","1","1","120113","600014","610039","9111","2","180","0","0","0","0","0","(X=0,Y=0,Z=0)","0","3004","610257","1","2","10000","2","902200102","10","3","0","350"
"3011201","3011201","0","1","1","120113","600015","610040","9111","5","180","0","0","0","0","0","(X=0,Y=0,Z=0)","0","3004","610258","1","2","10000","2","902200102","10","3","0","350"
"3011301","3011301","0","1","1","120084","600016","610041","9111","4","180","0","0","0","0","0","(X=0,Y=0,Z=0)","0","3004","610259","1","2","10000","2","602202366","1","3","0","350"
"3011401","3011401","0","1","1","1370010","600017","610042","9111","3","10","0","0","0","0","0","(X=0,Y=0,Z=0)","0","3004","610260","1","2","10000","2","602202340","1","3","0","350"
"3011501","3011501","0","1","1","1370006","600018","610043","9200","2820","30","0","2820","0","0","0","(X=0,Y=0,Z=0)","0","3008","0","1","2","10000","2","1301201406","1","3","0","350"
"3011601","3011601","0","1","1","1370009","600019","610044","9200","2860","30","0","2860","0","0","0","(X=0,Y=0,Z=0)","0","3008","0","1","2","10000","2","1301201406","1","3","0","350"
"3011701","3011701","0","1","1","730154","600020","610045","9500","3","10","0","2400","0","0","0","(X=0,Y=0,Z=0)","0","3008","0","1","2","10000","2","1301201406","1","3","0","350"
"3011801","3011801","0","1","1","730139","600021","610046","9720","103","1","0","4800","0","0","0","(X=0,Y=0,Z=0)","0","3008","0","1","2","10000","2","604200103","50","3","0","350"
"3011901","3011901","0","1","1","730148","600022","610047","9720","104","1","0","4900","0","0","0","(X=0,Y=0,Z=0)","0","3008","0","1","2","10000","2","605200103","50","3","0","350"
"3020101","3020101","0","2","3","1300120","600001","610001","9200","3100","1","200610003","3150","200610003","0","0","(X=0,Y=0,Z=0)","0","3008","0","1","2","30000","2","602202306","1","3","0","350"
"3020201","3020201","0","2","3","2530003","600002","610002","8050","110033011","1","0","3100","200601160","0","0","(X=0,Y=0,Z=0)","0","3008","0","1","2","30000","2","602202324","1","3","0","350"
"3020202","3020202","0","2","2","2530003","600003","610003","8050","110030002","1","0","3100","200601010","0","0","(X=0,Y=0,Z=0)","0","3008","0","1","2","30000","2","602202324","1","3","0","350"
"3020301","3020301","0","2","3","2530003","600004","610004","8000","110032901","1","0","3200","200501051","0","0","(X=0,Y=0,Z=0)","0","3008","0","1","2","30000","2","602202326","1","3","0","350"
"3020302","3020302","0","2","2","2530003","600005","610005","8000","110030501","1","0","3200","200601030","0","0","(X=0,Y=0,Z=0)","0","3008","0","1","2","30000","2","602202326","1","3","0","350"
"3020401","3020401","0","2","3","2530001","600023","610048","8250","1","70","0","0","201003043","4500","5000","(X=-7296,Y=16735,Z=838)","1","1001","0","1","2","30000","2","603200102","1","3","0","350"
"3020402","3020402","0","2","3","2530001","600023","610021","8250","2","70","0","0","201003043","1500","2000","(X=16068,Y=-1880,Z=1376)","1","1001","0","1","2","30000","2","603200402","1","3","0","350"
"3020403","3020403","0","2","3","2530001","600023","610049","8250","3","70","0","0","201003043","4500","5000","(X=-11638,Y=-5450,Z=1181)","1","1001","0","1","2","30000","2","603200102","1","3","0","350"
"3020601","3020601","0","2","3","1300117","600024","610050","8250","1","70","0","0","10070","1500","3000","(X=281,Y=-5456,Z=121)","1","1001","0","1","2","30000","2","603200402","1","3","0","350"
"3020602","3020602","0","2","3","1300117","600024","610051","8250","2","70","0","0","10070","1500","3000","(X=-16502,Y=15138,Z=1352)","1","1001","0","1","2","30000","2","603200402","1","3","0","350"
"3020603","3020603","0","2","3","1300117","600024","610052","8250","3","70","0","0","10070","1500","3000","(X=14716,Y=4928,Z=102)","1","1001","0","1","2","30000","2","603200402","1","3","0","350"
"3020604","3020604","0","2","3","1300117","600024","610053","8250","4","70","0","0","10070","1500","3000","(X=-16392,Y=-4151,Z=584)","1","1001","0","1","2","30000","2","603200402","1","3","0","350"
"3020605","3020605","0","2","3","1300117","600024","610054","8250","5","70","0","0","10070","1500","3000","(X=8184,Y=-14582,Z=3342)","1","1001","0","1","2","30000","2","603200402","1","3","0","350"
"3020701","3020701","0","2","3","2530001","600025","610055","8250","1","70","0","0","201520101","0","0","(X=0,Y=0,Z=0)","1","3003","610264","1","2","30000","2","603200402","1","3","0","350"
"3020702","3020702","0","2","3","2530001","600025","610056","8250","1","70","0","0","201520102","0","0","(X=0,Y=0,Z=0)","1","3003","610265","1","2","30000","2","603200402","1","3","0","350"
"3020703","3020703","0","2","3","2530001","600025","610057","8250","1","70","0","0","201520103","0","0","(X=0,Y=0,Z=0)","1","3003","610266","1","2","30000","2","603200402","1","3","0","350"
"3020801","3020801","0","2","2","1300117","600067","610058","8250","1","70","0","0","200022220","1500","3000","(X=-7616,Y=5209,Z=-303)","1","1001","0","1","2","20000","2","1301201406","3","3","0","350"
"3020802","3020802","0","2","2","1300117","600067","610059","8250","2","70","0","0","200022220","1000","2000","(X=-14791,Y=-4934,Z=-349)","1","1001","0","1","2","20000","2","1301201406","3","3","0","350"
"3020803","3020803","0","2","2","1300117","600067","610060","8250","3","70","0","0","200022220","1500","3000","(X=-2670,Y=-12402,Z=415)","1","1001","0","1","2","20000","2","1301201406","3","3","0","350"
"3020804","3020804","0","2","2","1300117","600067","610061","8250","4","70","0","0","200022220","4000","8000","(X=9063,Y=-4492,Z=-947)","1","1001","0","1","2","20000","2","1301201406","3","3","0","350"
"3020805","3020805","0","2","2","1300117","600067","610062","8250","5","70","0","0","200022220","1750","3500","(X=385,Y=7283,Z=-1691)","1","1001","0","1","2","20000","2","1301201406","3","3","0","350"
"3020901","3020901","0","2","2","2530001","600012","610063","8250","10","70","0","0","107002010","1250","2500","(X=12940,Y=5798,Z=-306)","1","1001","0","1","2","20000","2","1301201406","3","3","0","350"
"3020902","3020902","0","2","2","2530001","600012","610064","8250","11","70","0","0","107002010","1250","2500","(X=858,Y=7086,Z=-1668)","1","1001","0","1","2","20000","2","1301201406","3","3","0","350"
"3020903","3020903","0","2","2","2530001","600026","610065","8250","3","70","0","0","107002020","1500","3000","(X=11715,Y=-10232,Z=588)","1","1001","0","1","2","20000","2","1301201406","3","3","0","350"
"3020904","3020904","0","2","2","2530001","600026","610066","8250","5","70","0","0","107002020","2250","4500","(X=-9917,Y=11844,Z=539)","1","1001","0","1","2","20000","2","1301201406","3","3","0","350"
"3020905","3020905","0","2","2","2530001","600026","610067","8250","6","70","0","0","107002020","2500","5000","(X=-12346,Y=-842,Z=1121)","1","1001","0","1","2","20000","2","1301201406","3","3","0","350"
"3020906","3020906","0","2","2","2530001","600026","610068","8250","7","70","0","0","107002020","1000","2000","(X=-5939,Y=5079,Z=1147)","1","1001","0","1","2","20000","2","1301201406","3","3","0","350"
"3020907","3020907","0","2","2","2530001","600026","610069","8250","8","70","0","0","107002020","2250","4500","(X=-9184,Y=-11386,Z=1611)","1","1001","0","1","2","20000","2","1301201406","3","3","0","350"
"3020908","3020908","0","2","2","2530001","600026","610070","8250","9","70","0","0","107002020","1500","3000","(X=-1812,Y=-16355,Z=2041)","1","1001","0","1","2","20000","2","1301201406","3","3","0","350"
"3020909","3020909","0","2","2","2530001","600026","610071","8250","11","70","0","0","107002020","1500","3000","(X=1064,Y=2299,Z=1210)","1","1001","0","1","2","20000","2","1301201406","3","3","0","350"
"3021001","3021001","0","2","1","120083","600013","610038","9111","1","180","0","0","0","0","0","(X=0,Y=0,Z=0)","0","3004","610256","1","2","10000","2","901200402","10","3","0","350"
"3021101","3021101","0","2","1","120113","600014","610039","9111","2","180","0","0","0","0","0","(X=0,Y=0,Z=0)","0","3004","610257","1","2","10000","2","902200102","10","3","0","350"
"3021201","3021201","0","2","1","120113","600015","610040","9111","5","180","0","0","0","0","0","(X=0,Y=0,Z=0)","0","3004","610258","1","2","10000","2","902200102","10","3","0","350"
"3021301","3021301","0","2","1","120084","600016","610041","9111","4","180","0","0","0","0","0","(X=0,Y=0,Z=0)","0","3004","610259","1","2","10000","2","602202366","1","3","0","350"
"3021401","3021401","0","2","1","1370010","600017","610042","9111","3","10","0","0","0","0","0","(X=0,Y=0,Z=0)","0","3004","610260","1","2","10000","2","602202340","1","3","0","350"
"3021501","3021501","0","2","1","1370006","600018","610043","9200","2820","30","0","2820","0","0","0","(X=0,Y=0,Z=0)","0","3008","0","1","2","10000","2","1301201406","1","3","0","350"
"3021601","3021601","0","2","1","1370009","600019","610044","9200","2860","30","0","2860","0","0","0","(X=0,Y=0,Z=0)","0","3008","0","1","2","10000","2","1301201406","1","3","0","350"
"3021701","3021701","0","2","1","730154","600020","610045","9500","3","10","0","2400","0","0","0","(X=0,Y=0,Z=0)","0","3008","0","1","2","10000","2","1301201406","1","3","0","350"
"3021801","3021801","0","2","1","730139","600021","610046","9720","103","1","0","4800","0","0","0","(X=0,Y=0,Z=0)","0","3008","0","1","2","10000","2","604200103","50","3","0","350"
"3021901","3021901","0","2","1","730148","600022","610047","9720","104","1","0","4900","0","0","0","(X=0,Y=0,Z=0)","0","3008","0","1","2","10000","2","605200103","50","3","0","350"
"3030101","3030101","0","3","3","1300120","600001","610001","9200","3100","1","200610003","3150","200610003","0","0","(X=0,Y=0,Z=0)","0","3008","0","1","2","30000","2","602202306","1","3","0","350"
"3030201","3030201","0","3","3","2530003","600027","610072","8050","110012001","1","0","3100","200601020","0","0","(X=0,Y=0,Z=0)","0","3008","0","1","2","30000","2","602202324","1","3","0","350"
"3030202","3030202","0","3","2","2530003","600002","610002","8050","110033011","1","0","3100","200601160","0","0","(X=0,Y=0,Z=0)","0","3008","0","1","2","30000","2","602202324","1","3","0","350"
"3030301","3030301","0","3","3","2530003","600028","610073","8000","110031701","1","0","3200","200501040","0","0","(X=0,Y=0,Z=0)","0","3008","0","1","2","30000","2","602202326","1","3","0","350"
"3030302","3030302","0","3","2","2530003","600004","610004","8000","110032901","1","0","3200","200501051","0","0","(X=0,Y=0,Z=0)","0","3008","0","1","2","30000","2","602202326","1","3","0","350"
"3030401","3030401","0","3","3","2530001","600023","610048","8250","1","70","0","0","201003043","4500","5000","(X=-7296,Y=16735,Z=838)","1","1001","0","1","2","30000","2","603200102","1","3","0","350"
"3030402","3030402","0","3","3","2530001","600023","610021","8250","2","70","0","0","201003043","1500","2000","(X=16068,Y=-1880,Z=1376)","1","1001","0","1","2","30000","2","603200402","1","3","0","350"
"3030403","3030403","0","3","3","2530001","600023","610049","8250","3","70","0","0","201003043","4500","5000","(X=-11638,Y=-5450,Z=1181)","1","1001","0","1","2","30000","2","603200102","1","3","0","350"
"3030601","3030601","0","3","3","1300117","600029","610074","8250","1","70","0","0","10071","1500","3000","(X=240,Y=-5555,Z=205)","1","1001","0","1","2","30000","2","603200402","1","3","0","350"
"3030602","3030602","0","3","3","1300117","600029","610075","8250","2","70","0","0","10071","1500","3000","(X=-16502,Y=15138,Z=1352)","1","1001","0","1","2","30000","2","603200402","1","3","0","350"
"3030603","3030603","0","3","3","1300117","600029","610076","8250","3","70","0","0","10071","1500","3000","(X=14730,Y=5070,Z=200)","1","1001","0","1","2","30000","2","603200402","1","3","0","350"
"3030604","3030604","0","3","3","1300117","600029","610077","8250","4","70","0","0","10071","1500","3000","(X=-16392,Y=-4151,Z=584)","1","1001","0","1","2","30000","2","603200402","1","3","0","350"
"3030605","3030605","0","3","3","1300117","600029","610078","8250","5","70","0","0","10071","1500","3000","(X=8184,Y=-14582,Z=3342)","1","1001","0","1","2","30000","2","603200402","1","3","0","350"
"3030701","3030701","0","3","3","2530001","600025","610079","8250","1","70","0","0","201520104","0","0","(X=0,Y=0,Z=0)","1","3003","610267","1","2","30000","2","603200402","1","3","0","350"
"3030702","3030702","0","3","3","2530001","600025","610080","8250","1","70","0","0","201520105","0","0","(X=0,Y=0,Z=0)","1","3003","610268","1","2","30000","2","603200402","1","3","0","350"
"3030703","3030703","0","3","3","2530001","600025","610081","8250","1","70","0","0","201520106","0","0","(X=0,Y=0,Z=0)","1","3003","610269","1","2","30000","2","603200402","1","3","0","350"
"3030801","3030801","0","3","2","1300117","600068","610082","8250","1","70","0","0","200022221","2000","4000","(X=9445,Y=-482,Z=1074)","1","1001","0","1","2","20000","2","1301201406","3","3","0","350"
"3030802","3030802","0","3","2","1300117","600068","610083","8250","2","70","0","0","200022221","2000","4000","(X=-10054,Y=11318,Z=538)","1","1001","0","1","2","20000","2","1301201406","3","3","0","350"
"3030803","3030803","0","3","2","1300117","600068","610084","8250","3","70","0","0","200022221","1000","2000","(X=-6030,Y=4959,Z=1028)","1","1001","0","1","2","20000","2","1301201406","3","3","0","350"
"3030804","3030804","0","3","2","1300117","600068","610085","8250","4","70","0","0","200022221","2250","4500","(X=-9405,Y=-11507,Z=1539)","1","1001","0","1","2","20000","2","1301201406","3","3","0","350"
"3030805","3030805","0","3","2","1300117","600068","610086","8250","5","70","0","0","200022221","1500","3000","(X=68,Y=-6102,Z=-19)","1","1001","0","1","2","20000","2","1301201406","3","3","0","350"
"3030901","3030901","0","3","2","2530001","600030","610087","8250","1","70","0","0","107003010","1500","3000","(X=-5426,Y=26395,Z=2074)","1","1001","0","1","2","20000","2","1301201406","3","3","0","350"
"3030902","3030902","0","3","2","2530001","600030","610088","8250","2","70","0","0","107003010","2500","5000","(X=729,Y=16644,Z=2105)","1","1001","0","1","2","20000","2","1301201406","3","3","0","350"
"3030903","3030903","0","3","2","2530001","600030","610089","8250","6","70","0","0","107003010","2250","4500","(X=21958,Y=15534,Z=1041)","1","1001","0","1","2","20000","2","1301201406","3","3","0","350"
"3030904","3030904","0","3","2","2530001","600030","610031","8250","8","70","0","0","107003010","1750","3500","(X=23354,Y=-3998,Z=243)","1","1001","0","1","2","20000","2","1301201406","3","3","0","350"
"3030905","3030905","0","3","2","2530001","600030","610090","8250","9","70","0","0","107003010","2250","4500","(X=-3333,Y=-6076,Z=2800)","1","1001","0","1","2","20000","2","1301201406","3","3","0","350"
"3030906","3030906","0","3","2","2530001","600030","610048","8250","10","70","0","0","107003010","1750","3500","(X=-26218,Y=2180,Z=2510)","1","1001","0","1","2","30000","2","603200102","1","3","0","350"
"3030907","3030907","0","3","2","2530001","600030","610091","8250","11","70","0","0","107003010","2250","4500","(X=-35797,Y=-8756,Z=1560)","1","1001","0","1","2","20000","2","1301201406","3","3","0","350"
"3031001","3031001","0","3","1","120083","600013","610038","9111","1","180","0","0","0","0","0","(X=0,Y=0,Z=0)","0","3004","610256","1","2","10000","2","901200402","10","3","0","350"
"3031101","3031101","0","3","1","120113","600014","610039","9111","2","180","0","0","0","0","0","(X=0,Y=0,Z=0)","0","3004","610257","1","2","10000","2","902200102","10","3","0","350"
"3031201","3031201","0","3","1","120113","600015","610040","9111","5","180","0","0","0","0","0","(X=0,Y=0,Z=0)","0","3004","610258","1","2","10000","2","902200102","10","3","0","350"
"3031301","3031301","0","3","1","120084","600016","610041","9111","4","180","0","0","0","0","0","(X=0,Y=0,Z=0)","0","3004","610259","1","2","10000","2","602202366","1","3","0","350"
"3031401","3031401","0","3","1","1370010","600017","610042","9111","3","10","0","0","0","0","0","(X=0,Y=0,Z=0)","0","3004","610260","1","2","10000","2","602202340","1","3","0","350"
"3031501","3031501","0","3","1","1370006","600018","610043","9200","2820","30","0","2820","0","0","0","(X=0,Y=0,Z=0)","0","3008","0","1","2","10000","2","1301201406","1","3","0","350"
"3031601","3031601","0","3","1","1370009","600019","610044","9200","2860","30","0","2860","0","0","0","(X=0,Y=0,Z=0)","0","3008","0","1","2","10000","2","1301201406","1","3","0","350"
"3031701","3031701","0","3","1","730154","600020","610045","9500","3","10","0","2400","0","0","0","(X=0,Y=0,Z=0)","0","3008","0","1","2","10000","2","1301201406","1","3","0","350"
"3031801","3031801","0","3","1","730139","600021","610046","9720","103","1","0","4800","0","0","0","(X=0,Y=0,Z=0)","0","3008","0","1","2","10000","2","604200103","50","3","0","350"
"3031901","3031901","0","3","1","730148","600022","610047","9720","104","1","0","4900","0","0","0","(X=0,Y=0,Z=0)","0","3008","0","1","2","10000","2","605200103","50","3","0","350"
"3040101","3040101","0","4","3","1300120","600001","610001","9200","3100","1","200610003","3150","200610003","0","0","(X=0,Y=0,Z=0)","0","3008","0","1","2","30000","2","602202306","1","3","0","350"
"3040201","3040201","0","4","3","2530003","600027","610072","8050","110012001","1","0","3100","200601020","0","0","(X=0,Y=0,Z=0)","0","3008","0","1","2","30000","2","602202324","1","3","0","350"
"3040202","3040202","0","4","2","2530003","600002","610002","8050","110033011","1","0","3100","200601160","0","0","(X=0,Y=0,Z=0)","0","3008","0","1","2","30000","2","602202324","1","3","0","350"
"3040301","3040301","0","4","3","2530003","600028","610073","8000","110031701","1","0","3200","200501040","0","0","(X=0,Y=0,Z=0)","0","3008","0","1","2","30000","2","602202326","1","3","0","350"
"3040302","3040302","0","4","2","2530003","600004","610004","8000","110032901","1","0","3200","200501051","0","0","(X=0,Y=0,Z=0)","0","3008","0","1","2","30000","2","602202326","1","3","0","350"
"3040401","3040401","0","4","3","2530001","600023","610048","8250","1","70","0","0","201003043","4500","5000","(X=-7296,Y=16735,Z=838)","1","1001","0","1","2","30000","2","603200102","1","3","0","350"
"3040402","3040402","0","4","3","2530001","600023","610021","8250","2","70","0","0","201003043","1500","2000","(X=16068,Y=-1880,Z=1376)","1","1001","0","1","2","30000","2","603200402","1","3","0","350"
"3040403","3040403","0","4","3","2530001","600023","610049","8250","3","70","0","0","201003043","4500","5000","(X=-11638,Y=-5450,Z=1181)","1","1001","0","1","2","30000","2","603200102","1","3","0","350"
"3040601","3040601","0","4","3","1300117","600031","610092","8250","1","70","0","0","10072","1500","3000","(X=281,Y=-5456,Z=121)","1","1001","0","1","2","30000","2","603200402","1","3","0","350"
"3040602","3040602","0","4","3","1300117","600031","610093","8250","2","70","0","0","10072","1500","3000","(X=-16502,Y=15138,Z=1352)","1","1001","0","1","2","30000","2","603200402","1","3","0","350"
"3040603","3040603","0","4","3","1300117","600031","610094","8250","3","70","0","0","10072","1500","3000","(X=14716,Y=4928,Z=102)","1","1001","0","1","2","30000","2","603200402","1","3","0","350"
"3040604","3040604","0","4","3","1300117","600031","610095","8250","4","70","0","0","10072","1500","3000","(X=-16392,Y=-4151,Z=584)","1","1001","0","1","2","30000","2","603200402","1","3","0","350"
"3040605","3040605","0","4","3","1300117","600031","610096","8250","5","70","0","0","10072","1500","3000","(X=8184,Y=-14582,Z=3342)","1","1001","0","1","2","30000","2","603200402","1","3","0","350"
"3040701","3040701","0","4","3","2530001","600025","610009","8250","1","70","0","0","201520107","0","0","(X=0,Y=0,Z=0)","1","3003","610270","1","2","30000","2","603200102","1","3","0","350"
"3040702","3040702","0","4","3","2530001","600025","610010","8250","1","70","0","0","201520108","0","0","(X=0,Y=0,Z=0)","1","3003","610271","1","2","30000","2","603200102","1","3","0","350"
"3040703","3040703","0","4","3","2530001","600025","610011","8250","1","70","0","0","201520109","0","0","(X=0,Y=0,Z=0)","1","3003","610272","1","2","30000","2","603200102","1","3","0","350"
"3040801","3040801","0","4","2","1300117","600069","610097","8250","1","70","0","0","200022230","1250","2500","(X=-8589,Y=8531,Z=1089)","1","1001","0","1","2","20000","2","1301201406","3","3","0","350"
"3040802","3040802","0","4","2","1300117","600069","610098","8250","2","70","0","0","200022230","1250","2500","(X=19012,Y=12276,Z=298)","1","1001","0","1","2","20000","2","1301201406","3","3","0","350"
"3040803","3040803","0","4","2","1300117","600069","610099","8250","3","70","0","0","200022230","1500","3000","(X=-22149,Y=14271,Z=914)","1","1001","0","1","2","20000","2","1301201406","3","3","0","350"
"3040804","3040804","0","4","2","1300117","600069","610100","8250","4","70","0","0","200022230","1500","3000","(X=6851,Y=-8793,Z=529)","1","1001","0","1","2","20000","2","1301201406","3","3","0","350"
"3040805","3040805","0","4","2","1300117","600069","610101","8250","5","70","0","0","200022230","1250","2500","(X=6021,Y=-20735,Z=-902)","1","1001","0","1","2","20000","2","1301201406","3","3","0","350"
"3040901","3040901","0","4","2","2530001","600010","610102","8250","8","70","0","0","107001010","4250","8500","(X=19223,Y=-17923,Z=-660)","1","1001","0","1","2","20000","2","1301201406","3","3","0","350"
"3040902","3040902","0","4","2","2530001","600010","610103","8250","9","70","0","0","107001010","2000","4000","(X=19513,Y=-32768,Z=-226)","1","1001","0","1","2","20000","2","1301201406","3","3","0","350"
"3040903","3040903","0","4","2","2530001","600010","610104","8250","11","70","0","0","107001010","2500","5000","(X=-38968,Y=-43874,Z=81)","1","1001","0","1","2","20000","2","1301201406","3","3","0","350"
"3040904","3040904","0","4","2","2530001","600010","610105","8250","12","70","0","0","107001010","4250","8500","(X=-22417,Y=-45073,Z=368)","1","1001","0","1","2","20000","2","1301201406","3","3","0","350"
"3040905","3040905","0","4","2","2530001","600032","610106","8250","2","70","0","0","107003020","2000","4000","(X=-320,Y=17951,Z=1825)","1","1001","0","1","2","20000","2","1301201406","3","3","0","350"
"3040906","3040906","0","4","2","2530001","600032","610107","8250","3","70","0","0","107003020","1250","2500","(X=-534,Y=15208,Z=-2)","1","1001","0","1","2","20000","2","1301201406","3","3","0","350"
"3040907","3040907","0","4","2","2530001","600032","610108","8250","8","70","0","0","107003020","1250","2500","(X=2308,Y=2693,Z=992)","1","1001","0","1","2","20000","2","1301201406","3","3","0","350"
"3040908","3040908","0","4","2","2530001","600032","610109","8250","9","70","0","0","107003020","1250","2500","(X=-6886,Y=398,Z=87)","1","1001","0","1","2","20000","2","1301201406","3","3","0","350"
"3040909","3040909","0","4","2","2530001","600032","610110","8250","10","70","0","0","107003020","1250","2500","(X=6768,Y=-8721,Z=532)","1","1001","0","1","2","20000","2","1301201406","3","3","0","350"
"3040910","3040910","0","4","2","2530001","600032","610111","8250","17","70","0","0","107003020","1250","2500","(X=-21955,Y=1558,Z=562)","1","1001","0","1","2","20000","2","1301201406","3","3","0","350"
"3040911","3040911","0","4","2","2530001","600032","610112","8250","19","70","0","0","107003020","1500","3000","(X=-22062,Y=14526,Z=1024)","1","1001","0","1","2","20000","2","1301201406","3","3","0","350"
"3040912","3040912","0","4","2","2530001","600032","610113","8250","20","70","0","0","107003020","1000","2000","(X=-8729,Y=8871,Z=1089)","1","1001","0","1","2","20000","2","1301201406","3","3","0","350"
"3041001","3041001","0","4","1","120083","600013","610038","9111","1","180","0","0","0","0","0","(X=0,Y=0,Z=0)","0","3004","610256","1","2","10000","2","901200402","10","3","0","350"
"3041101","3041101","0","4","1","120113","600014","610039","9111","2","180","0","0","0","0","0","(X=0,Y=0,Z=0)","0","3004","610257","1","2","10000","2","902200102","10","3","0","350"
"3041201","3041201","0","4","1","120113","600015","610040","9111","5","180","0","0","0","0","0","(X=0,Y=0,Z=0)","0","3004","610258","1","2","10000","2","902200102","10","3","0","350"
"3041301","3041301","0","4","1","120084","600016","610041","9111","4","180","0","0","0","0","0","(X=0,Y=0,Z=0)","0","3004","610259","1","2","10000","2","602202366","1","3","0","350"
"3041401","3041401","0","4","1","1370010","600017","610042","9111","3","10","0","0","0","0","0","(X=0,Y=0,Z=0)","0","3004","610260","1","2","10000","2","602202340","1","3","0","350"
"3041501","3041501","0","4","1","1370006","600018","610043","9200","2820","30","0","2820","0","0","0","(X=0,Y=0,Z=0)","0","3008","0","1","2","10000","2","1301201406","1","3","0","350"
"3041601","3041601","0","4","1","1370009","600019","610044","9200","2860","30","0","2860","0","0","0","(X=0,Y=0,Z=0)","0","3008","0","1","2","10000","2","1301201406","1","3","0","350"
"3041701","3041701","0","4","1","730154","600020","610045","9500","3","10","0","2400","0","0","0","(X=0,Y=0,Z=0)","0","3008","0","1","2","10000","2","1301201406","1","3","0","350"
"3041801","3041801","0","4","1","730139","600021","610046","9720","103","1","0","4800","0","0","0","(X=0,Y=0,Z=0)","0","3008","0","1","2","10000","2","604200103","50","3","0","350"
"3041901","3041901","0","4","1","730148","600022","610047","9720","104","1","0","4900","0","0","0","(X=0,Y=0,Z=0)","0","3008","0","1","2","10000","2","605200103","50","3","0","350"
"3050101","3050101","0","5","3","1300120","600033","610114","8050","120100105","1","0","3150","200610002","0","0","(X=0,Y=0,Z=0)","0","3008","0","1","2","30000","2","602202306","1","3","0","350"
"3050201","3050201","0","5","3","2530003","600034","610115","8050","110032201","1","0","3100","200501930","0","0","(X=0,Y=0,Z=0)","0","3008","0","1","2","30000","2","602202324","1","3","0","350"
"3050202","3050202","0","5","2","2530003","600027","610072","8050","110012001","1","0","3100","200601020","0","0","(X=0,Y=0,Z=0)","0","3008","0","1","2","30000","2","602202324","1","3","0","350"
"3050301","3050301","0","5","3","2530003","600035","610116","8000","110033005","1","0","3200","200400221","0","0","(X=0,Y=0,Z=0)","0","3008","0","1","2","30000","2","602202326","1","3","0","350"
"3050302","3050302","0","5","2","2530003","600028","610073","8000","110031701","1","0","3200","200501040","0","0","(X=0,Y=0,Z=0)","0","3008","0","1","2","30000","2","602202326","1","3","0","350"
"3050401","3050401","0","5","3","2530001","600036","610117","8250","1","70","0","0","201004040","2500","3000","(X=-15589,Y=-17288,Z=2300)","1","1001","0","1","2","30000","2","603200102","1","3","0","350"
"3050402","3050402","0","5","3","2530001","600036","610118","8250","2","70","0","0","201004040","2500","3000","(X=2808,Y=14841,Z=3715)","1","1001","0","1","2","30000","2","603200102","1","3","0","350"
"3050403","3050403","0","5","3","2530001","600036","610119","8250","3","70","0","0","201004040","2500","3000","(X=16214,Y=-6887,Z=1615)","1","1001","0","1","2","30000","2","603200102","1","3","0","350"
"3050501","3050501","0","5","3","2530001","600037","610055","8250","1","70","0","0","201510100","0","0","(X=0,Y=0,Z=0)","1","3003","610273","1","2","30000","2","603200402","1","3","0","350"
"3050502","3050502","0","5","3","2530001","600037","610056","8250","1","70","0","0","201510101","0","0","(X=0,Y=0,Z=0)","1","3003","610274","1","2","30000","2","603200402","1","3","0","350"
"3050503","3050503","0","5","3","2530001","600037","610057","8250","1","70","0","0","201510102","0","0","(X=0,Y=0,Z=0)","1","3003","610275","1","2","30000","2","603200402","1","3","0","350"
"3050601","3050601","0","5","3","1300117","600038","610120","8250","1","70","0","0","10080","2500","3000","(X=16665,Y=16353,Z=2135)","1","1001","0","1","2","30000","2","603200402","1","3","0","350"
"3050602","3050602","0","5","3","1300117","600038","610121","8250","2","70","0","0","10080","2500","3000","(X=-2970,Y=-69,Z=719)","1","1001","0","1","2","30000","2","603200402","1","3","0","350"
"3050603","3050603","0","5","3","1300117","600038","610122","8250","3","70","0","0","10080","2500","3000","(X=15082,Y=-16371,Z=931)","1","1001","0","1","2","30000","2","603200402","1","3","0","350"
"3050604","3050604","0","5","3","1300117","600038","610123","8250","4","70","0","0","10080","2500","3000","(X=7131,Y=7908,Z=685)","1","1001","0","1","2","30000","2","603200402","1","3","0","350"
"3050605","3050605","0","5","3","1300117","600038","610124","8250","5","70","0","0","10080","2500","3000","(X=-15377,Y=-17065,Z=711)","1","1001","0","1","2","30000","2","603200402","1","3","0","350"
"3050701","3050701","0","5","3","2530001","600039","610055","8250","1","70","0","0","201520201","0","0","(X=0,Y=0,Z=0)","1","3003","610276","1","2","30000","2","603200402","1","3","0","350"
"3050702","3050702","0","5","3","2530001","600039","610056","8250","1","70","0","0","201520202","0","0","(X=0,Y=0,Z=0)","1","3003","610277","1","2","30000","2","603200402","1","3","0","350"
"3050703","3050703","0","5","3","2530001","600039","610057","8250","1","70","0","0","201520203","0","0","(X=0,Y=0,Z=0)","1","3003","610278","1","2","30000","2","603200402","1","3","0","350"
"3050801","3050801","0","5","2","1300117","600070","610125","8250","1","70","0","0","200022240","3000","5000","(X=-8218,Y=11643,Z=436)","1","1001","0","1","2","20000","2","1301201406","3","3","0","350"
"3050802","3050802","0","5","2","1300117","600070","610031","8250","2","70","0","0","200022240","2500","3000","(X=-18369,Y=-8213,Z=350)","1","1001","0","1","2","20000","2","1301201406","3","3","0","350"
"3050803","3050803","0","5","2","1300117","600070","610031","8250","3","70","0","0","200022240","2500","3000","(X=7234,Y=-15310,Z=350)","1","1001","0","1","2","20000","2","1301201406","3","3","0","350"
"3050804","3050804","0","5","2","1300117","600070","610126","8250","4","70","0","0","200022240","2500","3000","(X=11601,Y=11142,Z=349)","1","1001","0","1","2","20000","2","1301201406","3","3","0","350"
"3050805","3050805","0","5","3","1300117","600071","610127","8250","1","70","0","0","200022241","3000","4500","(X=21560,Y=431,Z=335)","1","1001","0","1","2","30000","2","603200302","1","3","0","350"
"3050806","3050806","0","5","3","1300117","600071","610031","8250","2","70","0","0","200022241","3000","3500","(X=-8071,Y=3105,Z=349)","1","1001","0","1","2","20000","2","1301201406","3","3","0","350"
"3050807","3050807","0","5","3","1300117","600071","610128","8250","3","70","0","0","200022241","3000","4500","(X=-18030,Y=105,Z=336)","1","1001","0","1","2","30000","2","603200302","1","3","0","350"
"3050808","3050808","0","5","3","1300117","600071","610129","8250","4","70","0","0","200022241","3000","3500","(X=2581,Y=-16417,Z=336)","1","1001","0","1","2","30000","2","603200302","1","3","0","350"
"3050901","3050901","0","5","2","2530001","600040","610130","8250","1","70","0","0","108001010","2500","3000","(X=-7271,Y=3390,Z=436)","1","1001","0","1","2","20000","2","1301201406","3","3","0","350"
"3050902","3050902","0","5","2","2530001","600040","610031","8250","2","70","0","0","108001010","2500","3000","(X=-15013,Y=-115,Z=436)","1","1001","0","1","2","20000","2","1301201406","3","3","0","350"
"3050903","3050903","0","5","2","2530001","600040","610131","8250","3","70","0","0","108001010","2500","3000","(X=-9592,Y=-15170,Z=371)","1","1001","0","1","2","20000","2","1301201406","3","3","0","350"
"3050904","3050904","0","5","2","2530001","600040","610132","8250","5","70","0","0","108001010","3000","5000","(X=-8387,Y=11671,Z=436)","1","1001","0","1","2","20000","2","1301201406","3","3","0","350"
"3050905","3050905","0","5","2","2530001","600040","610133","8250","8","70","0","0","108001010","3000","3500","(X=11624,Y=11263,Z=451)","1","1001","0","1","2","20000","2","1301201406","3","3","0","350"
"3050906","3050906","0","5","2","2530001","600040","610031","8250","9","70","0","0","108001010","3000","3500","(X=-18438,Y=-8319,Z=399)","1","1001","0","1","2","20000","2","1301201406","3","3","0","350"
"3050907","3050907","0","5","2","2530001","600040","610102","8250","10","70","0","0","108001010","2500","3000","(X=-17722,Y=-15231,Z=399)","1","1001","0","1","2","20000","2","1301201406","3","3","0","350"
"3050908","3050908","0","5","2","2530001","600040","610134","8250","11","70","0","0","108001010","2500","3500","(X=977,Y=-13051,Z=445)","1","1001","0","1","2","20000","2","1301201406","3","3","0","350"
"3050909","3050909","0","5","2","2530001","600040","610135","8250","12","70","0","0","108001010","2500","3000","(X=7270,Y=-15394,Z=362)","1","1001","0","1","2","20000","2","1301201406","3","3","0","350"
"3050910","3050910","0","5","2","2530001","600040","610136","8250","13","70","0","0","108001010","3000","4000","(X=13517,Y=-3252,Z=434)","1","1001","0","1","2","20000","2","1301201406","3","3","0","350"
"3050911","3050911","0","5","2","2530001","600041","610137","8250","1","70","0","0","108001020","3000","4500","(X=10578,Y=17040,Z=456)","1","1001","0","1","2","20000","2","1301201406","3","3","0","350"
"3050912","3050912","0","5","2","2530001","600041","610131","8250","3","70","0","0","108001020","3000","3500","(X=-15442,Y=13143,Z=428)","1","1001","0","1","2","20000","2","1301201406","3","3","0","350"
"3050913","3050913","0","5","2","2530001","600041","610138","8250","4","70","0","0","108001020","3000","4500","(X=-6956,Y=3130,Z=449)","1","1001","0","1","2","20000","2","1301201406","3","3","0","350"
"3050914","3050914","0","5","2","2530001","600041","610132","8250","6","70","0","0","108001020","3000","4500","(X=-18886,Y=-8179,Z=431)","1","1001","0","1","2","20000","2","1301201406","3","3","0","350"
"3050915","3050915","0","5","2","2530001","600041","610031","8250","7","70","0","0","108001020","3000","4500","(X=-21445,Y=-16687,Z=358)","1","1001","0","1","2","20000","2","1301201406","3","3","0","350"
"3050916","3050916","0","5","2","2530001","600041","610139","8250","8","70","0","0","108001020","3000","4500","(X=-8682,Y=-22588,Z=358)","1","1001","0","1","2","20000","2","1301201406","3","3","0","350"
"3050917","3050917","0","5","2","2530001","600041","610136","8250","9","70","0","0","108001020","3000","3500","(X=2814,Y=-22588,Z=358)","1","1001","0","1","2","20000","2","1301201406","3","3","0","350"
"3050918","3050918","0","5","2","2530001","600041","610121","8250","10","70","0","0","108001020","3000","3500","(X=11814,Y=-16090,Z=443)","1","1001","0","1","2","30000","2","603200402","1","3","0","350"
"3050919","3050919","0","5","2","2530001","600041","610140","8250","11","70","0","0","108001020","3000","4500","(X=21554,Y=127,Z=442)","1","1001","0","1","2","20000","2","1301201406","3","3","0","350"
"3050920","3050920","0","5","2","2530001","600041","610141","8250","12","70","0","0","108001020","3000","4500","(X=12302,Y=-1459,Z=442)","1","1001","0","1","2","20000","2","1301201406","3","3","0","350"
"3051001","3051001","0","5","1","120083","600013","610038","9111","1","180","0","0","0","0","0","(X=0,Y=0,Z=0)","0","3004","610256","1","2","10000","2","901200402","10","3","0","350"
"3051101","3051101","0","5","1","120113","600014","610039","9111","2","180","0","0","0","0","0","(X=0,Y=0,Z=0)","0","3004","610257","1","2","10000","2","902200102","10","3","0","350"
"3051201","3051201","0","5","1","120113","600015","610040","9111","5","180","0","0","0","0","0","(X=0,Y=0,Z=0)","0","3004","610258","1","2","10000","2","902200102","10","3","0","350"
"3051301","3051301","0","5","1","120084","600016","610041","9111","4","180","0","0","0","0","0","(X=0,Y=0,Z=0)","0","3004","610259","1","2","10000","2","602202366","1","3","0","350"
"3051401","3051401","0","5","1","1370010","600017","610042","9111","3","10","0","0","0","0","0","(X=0,Y=0,Z=0)","0","3004","610260","1","2","10000","2","602202340","1","3","0","350"
"3051501","3051501","0","5","1","1370006","600018","610043","9200","2820","30","0","2820","0","0","0","(X=0,Y=0,Z=0)","0","3008","0","1","2","10000","2","1301201406","1","3","0","350"
"3051601","3051601","0","5","1","1370009","600019","610044","9200","2860","30","0","2860","0","0","0","(X=0,Y=0,Z=0)","0","3008","0","1","2","10000","2","1301201406","1","3","0","350"
"3051701","3051701","0","5","1","730154","600020","610045","9500","3","10","0","2400","0","0","0","(X=0,Y=0,Z=0)","0","3008","0","1","2","10000","2","1301201406","1","3","0","350"
"3051801","3051801","0","5","1","730139","600021","610046","9720","103","1","0","4800","0","0","0","(X=0,Y=0,Z=0)","0","3008","0","1","2","10000","2","604200103","50","3","0","350"
"3051901","3051901","0","5","1","730148","600022","610047","9720","104","1","0","4900","0","0","0","(X=0,Y=0,Z=0)","0","3008","0","1","2","10000","2","605200103","50","3","0","350"
"3060101","3060101","0","6","3","1300120","600033","610114","8050","120100105","1","0","3150","200610002","0","0","(X=0,Y=0,Z=0)","0","3008","0","1","2","30000","2","602202306","1","3","0","350"
"3060201","3060201","0","6","3","2530003","600034","610115","8050","110032201","1","0","3100","200501930","0","0","(X=0,Y=0,Z=0)","0","3008","0","1","2","30000","2","602202324","1","3","0","350"
"3060202","3060202","0","6","2","2530003","600027","610072","8050","110012001","1","0","3100","200601020","0","0","(X=0,Y=0,Z=0)","0","3008","0","1","2","30000","2","602202324","1","3","0","350"
"3060301","3060301","0","6","3","2530003","600035","610116","8000","110033005","1","0","3200","200400221","0","0","(X=0,Y=0,Z=0)","0","3008","0","1","2","30000","2","602202326","1","3","0","350"
"3060302","3060302","0","6","2","2530003","600028","610073","8000","110031701","1","0","3200","200501040","0","0","(X=0,Y=0,Z=0)","0","3008","0","1","2","30000","2","602202326","1","3","0","350"
"3060401","3060401","0","6","3","2530001","600036","610117","8250","1","70","0","0","201004040","2500","3000","(X=-15589,Y=-17288,Z=2300)","1","1001","0","1","2","30000","2","603200102","1","3","0","350"
"3060402","3060402","0","6","3","2530001","600036","610118","8250","2","70","0","0","201004040","2500","3000","(X=2808,Y=14841,Z=3715)","1","1001","0","1","2","30000","2","603200102","1","3","0","350"
"3060403","3060403","0","6","3","2530001","600036","610119","8250","3","70","0","0","201004040","2500","3000","(X=16214,Y=-6887,Z=1615)","1","1001","0","1","2","30000","2","603200102","1","3","0","350"
"3060501","3060501","0","6","3","2530001","600037","610055","8250","1","70","0","0","201510100","0","0","(X=0,Y=0,Z=0)","1","3003","610273","1","2","30000","2","603200402","1","3","0","350"
"3060502","3060502","0","6","3","2530001","600037","610056","8250","1","70","0","0","201510101","0","0","(X=0,Y=0,Z=0)","1","3003","610274","1","2","30000","2","603200402","1","3","0","350"
"3060503","3060503","0","6","3","2530001","600037","610057","8250","1","70","0","0","201510102","0","0","(X=0,Y=0,Z=0)","1","3003","610275","1","2","30000","2","603200402","1","3","0","350"
"3060601","3060601","0","6","3","1300117","600042","610142","8250","1","70","0","0","10073","1500","3000","(X=9910,Y=-9750,Z=-195)","1","1001","0","1","2","30000","2","603200402","1","3","0","350"
"3060602","3060602","0","6","3","1300117","600042","610143","8250","2","70","0","0","10073","1500","3000","(X=10189,Y=9614,Z=-470)","1","1001","0","1","2","30000","2","603200402","1","3","0","350"
"3060603","3060603","0","6","3","1300117","600042","610144","8250","3","70","0","0","10073","1500","3000","(X=-9447.667969,Y=9676,Z=-17)","1","1001","0","1","2","30000","2","603200402","1","3","0","350"
"3060604","3060604","0","6","3","1300117","600042","610145","8250","4","70","0","0","10073","1500","3000","(X=-9427,Y=-9749,Z=-1)","1","1001","0","1","2","30000","2","603200402","1","3","0","350"
"3060605","3060605","0","6","3","1300117","600042","610146","8250","5","70","0","0","10073","1500","3000","(X=-83,Y=-21,Z=974)","1","1001","0","1","2","30000","2","603200402","1","3","0","350"
"3060606","3060606","0","6","3","1300117","600043","610147","8250","1","70","0","0","10081","2500","3000","(X=16665,Y=16353,Z=2135)","1","1001","0","1","2","30000","2","603200402","1","3","0","350"
"3060607","3060607","0","6","3","1300117","600043","610134","8250","2","70","0","0","10081","2500","3000","(X=-2970,Y=-69,Z=719)","1","1001","0","1","2","20000","2","1301201406","3","3","0","350"
"3060608","3060608","0","6","3","1300117","600043","610148","8250","3","70","0","0","10081","2500","3000","(X=15082,Y=-16371,Z=931)","1","1001","0","1","2","30000","2","603200402","1","3","0","350"
"3060609","3060609","0","6","3","1300117","600043","610129","8250","4","70","0","0","10081","2500","3000","(X=7131,Y=7908,Z=685)","1","1001","0","1","2","30000","2","603200302","1","3","0","350"
"3060610","3060610","0","6","3","1300117","600043","610149","8250","5","70","0","0","10081","2500","3000","(X=-15377,Y=-17065,Z=711)","1","1001","0","1","2","30000","2","603200402","1","3","0","350"
"3060701","3060701","0","6","3","2530001","600039","610079","8250","1","70","0","0","201520204","0","0","(X=0,Y=0,Z=0)","1","3003","610279","1","2","30000","2","603200402","1","3","0","350"
"3060702","3060702","0","6","3","2530001","600039","610009","8250","1","70","0","0","201520207","0","0","(X=0,Y=0,Z=0)","1","3003","610280","1","2","30000","2","603200102","1","3","0","350"
"3060703","3060703","0","6","3","2530001","600039","610080","8250","1","70","0","0","201520205","0","0","(X=0,Y=0,Z=0)","1","3003","610281","1","2","30000","2","603200402","1","3","0","350"
"3060704","3060704","0","6","3","2530001","600039","610010","8250","1","70","0","0","201520208","0","0","(X=0,Y=0,Z=0)","1","3003","610282","1","2","30000","2","603200102","1","3","0","350"
"3060705","3060705","0","6","3","2530001","600039","610081","8250","1","70","0","0","201520206","0","0","(X=0,Y=0,Z=0)","1","3003","610283","1","2","30000","2","603200402","1","3","0","350"
"3060706","3060706","0","6","3","2530001","600039","610011","8250","1","70","0","0","201520209","0","0","(X=0,Y=0,Z=0)","1","3003","610284","1","2","30000","2","603200102","1","3","0","350"
"3060801","3060801","0","6","2","1300117","600072","610031","8250","1","70","0","0","200022250","3000","4500","(X=-13335,Y=-10832,Z=4209)","1","1001","0","1","2","20000","2","1301201406","3","3","0","350"
"3060802","3060802","0","6","2","1300117","600072","610150","8250","2","70","0","0","200022250","3000","3500","(X=11547,Y=-12872,Z=3405)","1","1001","0","1","2","20000","2","1301201406","3","3","0","350"
"3060803","3060803","0","6","2","1300117","600072","610031","8250","3","70","0","0","200022250","3000","4500","(X=-8883,Y=28,Z=3488)","1","1001","0","1","2","20000","2","1301201406","3","3","0","350"
"3060804","3060804","0","6","2","1300117","600072","610151","8250","4","70","0","0","200022250","2500","3000","(X=9546,Y=-1738,Z=2930)","1","1001","0","1","2","20000","2","1301201406","3","3","0","350"
"3060805","3060805","0","6","2","1300117","600073","610152","8250","1","70","0","0","200022251","3000","4500","(X=-11343,Y=26926,Z=7957)","1","1001","0","1","2","20000","2","1301201406","3","3","0","350"
"3060806","3060806","0","6","2","1300117","600073","610153","8250","2","70","0","0","200022251","3000","4500","(X=11911,Y=17498,Z=7735)","1","1001","0","1","2","20000","2","1301201406","3","3","0","350"
"3060807","3060807","0","6","2","1300117","600073","610154","8250","3","70","0","0","200022251","4000","5000","(X=18257,Y=-29792,Z=7847)","1","1001","0","1","2","20000","2","1301201406","3","3","0","350"
"3060808","3060808","0","6","2","1300117","600073","610155","8250","4","70","0","0","200022251","3000","4500","(X=-5953,Y=-18102,Z=7515)","1","1001","0","1","2","20000","2","1301201406","3","3","0","350"
"3060901","3060901","0","6","2","2530001","600044","610031","8250","1","70","0","0","108001040","3000","4500","(X=11302,Y=-13336,Z=3332)","1","1001","0","1","2","20000","2","1301201406","3","3","0","350"
"3060902","3060902","0","6","2","2530001","600044","610156","8250","2","70","0","0","108001040","3000","4500","(X=-13752,Y=-11054,Z=4196)","1","1001","0","1","2","20000","2","1301201406","3","3","0","350"
"3060903","3060903","0","6","2","2530001","600044","610157","8250","3","70","0","0","108001040","3000","4500","(X=15161,Y=12540,Z=3065)","1","1001","0","1","2","20000","2","1301201406","3","3","0","350"
"3060904","3060904","0","6","2","2530001","600044","610150","8250","4","70","0","0","108001040","2500","3000","(X=-19305,Y=247,Z=4012)","1","1001","0","1","2","20000","2","1301201406","3","3","0","350"
"3060905","3060905","0","6","2","2530001","600045","610158","8250","1","70","0","0","108001050","3000","5000","(X=-19547,Y=15274,Z=7461)","1","1001","0","1","2","20000","2","1301201406","3","3","0","350"
"3060906","3060906","0","6","2","2530001","600045","610117","8250","2","70","0","0","108001050","4000","6000","(X=30917,Y=7725,Z=7697)","1","1001","0","1","2","30000","2","603200102","1","3","0","350"
"3060907","3060907","0","6","2","2530001","600045","610159","8250","3","70","0","0","108001050","2500","3000","(X=18208,Y=-5497,Z=7705)","1","1001","0","1","2","20000","2","1301201406","3","3","0","350"
"3060908","3060908","0","6","2","2530001","600045","610160","8250","4","70","0","0","108001050","2500","3500","(X=-14268,Y=-31190,Z=7772)","1","1001","0","1","2","20000","2","1301201406","3","3","0","350"
"3060909","3060909","0","6","2","2530001","600045","610031","8250","5","70","0","0","108001050","3000","5000","(X=18563,Y=-29504,Z=7823)","1","1001","0","1","2","20000","2","1301201406","3","3","0","350"
"3061001","3061001","0","6","1","120083","600013","610038","9111","1","180","0","0","0","0","0","(X=0,Y=0,Z=0)","0","3004","610256","1","2","10000","2","901200402","10","3","0","350"
"3061101","3061101","0","6","1","120113","600014","610039","9111","2","180","0","0","0","0","0","(X=0,Y=0,Z=0)","0","3004","610257","1","2","10000","2","902200102","10","3","0","350"
"3061201","3061201","0","6","1","120113","600015","610040","9111","5","180","0","0","0","0","0","(X=0,Y=0,Z=0)","0","3004","610258","1","2","10000","2","902200102","10","3","0","350"
"3061301","3061301","0","6","1","120084","600016","610041","9111","4","180","0","0","0","0","0","(X=0,Y=0,Z=0)","0","3004","610259","1","2","10000","2","602202366","1","3","0","350"
"3061401","3061401","0","6","1","1370010","600017","610042","9111","3","10","0","0","0","0","0","(X=0,Y=0,Z=0)","0","3004","610260","1","2","10000","2","602202340","1","3","0","350"
"3061501","3061501","0","6","1","1370006","600018","610043","9200","2820","30","0","2820","0","0","0","(X=0,Y=0,Z=0)","0","3008","0","1","2","10000","2","1301201406","1","3","0","350"
"3061601","3061601","0","6","1","1370009","600019","610044","9200","2860","30","0","2860","0","0","0","(X=0,Y=0,Z=0)","0","3008","0","1","2","10000","2","1301201406","1","3","0","350"
"3061701","3061701","0","6","1","730154","600020","610045","9500","3","10","0","2400","0","0","0","(X=0,Y=0,Z=0)","0","3008","0","1","2","10000","2","1301201406","1","3","0","350"
"3061801","3061801","0","6","1","730139","600021","610046","9720","103","1","0","4800","0","0","0","(X=0,Y=0,Z=0)","0","3008","0","1","2","10000","2","604200103","50","3","0","350"
"3061901","3061901","0","6","1","730148","600022","610047","9720","104","1","0","4900","0","0","0","(X=0,Y=0,Z=0)","0","3008","0","1","2","10000","2","605200103","50","3","0","350"
"3070101","3070101","0","7","3","1300120","600033","610114","8050","120100105","1","0","3150","200610002","0","0","(X=0,Y=0,Z=0)","0","3008","0","1","2","30000","2","602202306","1","3","0","350"
"3070201","3070201","0","7","3","2530003","600046","610161","8050","110034005","1","0","3100","200501500","0","0","(X=0,Y=0,Z=0)","0","3008","0","1","2","30000","2","602202324","1","3","0","350"
"3070202","3070202","0","7","2","2530003","600034","610115","8050","110032201","1","0","3100","200501930","0","0","(X=0,Y=0,Z=0)","0","3008","0","1","2","30000","2","602202324","1","3","0","350"
"3070301","3070301","0","7","3","2530003","600047","610162","8000","110033201","1","0","3200","200400231","0","0","(X=0,Y=0,Z=0)","0","3008","0","1","2","30000","2","602202326","1","3","0","350"
"3070302","3070302","0","7","2","2530003","600035","610116","8000","110033005","1","0","3200","200400221","0","0","(X=0,Y=0,Z=0)","0","3008","0","1","2","30000","2","602202326","1","3","0","350"
"3070401","3070401","0","7","3","2530001","600048","610119","8250","1","70","0","0","201004041","2500","3000","(X=2959,Y=-14164,Z=604)","1","1001","0","1","2","30000","2","603200102","1","3","0","350"
"3070402","3070402","0","7","3","2530001","600048","610117","8250","2","70","0","0","201004041","2500","3000","(X=-8754,Y=9916,Z=827)","1","1001","0","1","2","30000","2","603200102","1","3","0","350"
"3070403","3070403","0","7","3","2530001","600048","610118","8250","3","70","0","0","201004041","2500","3000","(X=14584,Y=5518,Z=859)","1","1001","0","1","2","30000","2","603200102","1","3","0","350"
"3070501","3070501","0","7","3","2530001","600037","610079","8250","1","70","0","0","201510103","0","0","(X=0,Y=0,Z=0)","1","3003","610285","1","2","30000","2","603200402","1","3","0","350"
"3070502","3070502","0","7","3","2530001","600037","610080","8250","1","70","0","0","201510104","0","0","(X=0,Y=0,Z=0)","1","3003","610286","1","2","30000","2","603200402","1","3","0","350"
"3070503","3070503","0","7","3","2530001","600037","610081","8250","1","70","0","0","201510105","0","0","(X=0,Y=0,Z=0)","1","3003","610287","1","2","30000","2","603200402","1","3","0","350"
"3070601","3070601","0","7","3","1300117","600049","610163","8250","1","70","0","0","10082","2500","3000","(X=16665,Y=16353,Z=2135)","1","1001","0","1","2","30000","2","603200402","1","3","0","350"
"3070602","3070602","0","7","3","1300117","600049","610164","8250","2","70","0","0","10082","2500","3000","(X=-2970,Y=-69,Z=719)","1","1001","0","1","2","30000","2","603200402","1","3","0","350"
"3070603","3070603","0","7","3","1300117","600049","610165","8250","3","70","0","0","10082","2500","3000","(X=15082,Y=-16371,Z=931)","1","1001","0","1","2","30000","2","603200402","1","3","0","350"
"3070604","3070604","0","7","3","1300117","600049","610166","8250","4","70","0","0","10082","2500","3000","(X=7131,Y=7908,Z=685)","1","1001","0","1","2","30000","2","603200402","1","3","0","350"
"3070605","3070605","0","7","3","1300117","600049","610167","8250","5","70","0","0","10082","2500","3000","(X=-15377,Y=-17065,Z=711)","1","1001","0","1","2","30000","2","603200402","1","3","0","350"
"3070801","3070801","0","7","2","1300117","600074","610031","8250","1","70","0","0","200022242","2500","3000","(X=8619,Y=-25132,Z=-162)","1","1001","0","1","2","20000","2","1301201406","3","3","0","350"
"3070802","3070802","0","7","2","1300117","600074","610168","8250","2","70","0","0","200022242","2500","3000","(X=-8719,Y=13631,Z=-2)","1","1001","0","1","2","20000","2","1301201406","3","3","0","350"
"3070803","3070803","0","7","2","1300117","600074","610031","8250","3","70","0","0","200022242","2500","3000","(X=-2301,Y=-15367,Z=0)","1","1001","0","1","2","20000","2","1301201406","3","3","0","350"
"3070804","3070804","0","7","2","1300117","600074","610169","8250","4","70","0","0","200022242","3000","4000","(X=23958,Y=-8757,Z=0)","1","1001","0","1","2","20000","2","1301201406","3","3","0","350"
"3070901","3070901","0","7","2","2530001","600050","610170","8250","1","70","0","0","108001030","2500","3000","(X=-14193,Y=-16700,Z=108)","1","1001","0","1","2","20000","2","1301201406","3","3","0","350"
"3070902","3070902","0","7","2","2530001","600050","610133","8250","3","70","0","0","108001030","3000","3500","(X=2440,Y=-8125,Z=-68)","1","1001","0","1","2","20000","2","1301201406","3","3","0","350"
"3070903","3070903","0","7","2","2530001","600050","610171","8250","4","70","0","0","108001030","3000","3500","(X=9673,Y=-16547,Z=-157)","1","1001","0","1","2","20000","2","1301201406","3","3","0","350"
"3070904","3070904","0","7","2","2530001","600050","610172","8250","5","70","0","0","108001030","3000","3500","(X=17691,Y=-25223,Z=28)","1","1001","0","1","2","20000","2","1301201406","3","3","0","350"
"3070905","3070905","0","7","2","2530001","600050","610136","8250","6","70","0","0","108001030","3000","4000","(X=23962,Y=-8643,Z=86)","1","1001","0","1","2","20000","2","1301201406","3","3","0","350"
"3070906","3070906","0","7","2","2530001","600050","610173","8250","7","70","0","0","108001030","3000","3500","(X=22258,Y=2243,Z=185)","1","1001","0","1","2","20000","2","1301201406","3","3","0","350"
"3070907","3070907","0","7","2","2530001","600050","610174","8250","9","70","0","0","108001030","2500","3000","(X=-2303,Y=-15361,Z=88)","1","1001","0","1","2","20000","2","1301201406","3","3","0","350"
"3070908","3070908","0","7","2","2530001","600050","610175","8250","10","70","0","0","108001030","2500","3000","(X=-8718,Y=13527,Z=49)","1","1001","0","1","2","20000","2","1301201406","3","3","0","350"
"3070909","3070909","0","7","2","2530001","600050","610132","8250","11","70","0","0","108001030","2500","3000","(X=-16685,Y=7857,Z=32)","1","1001","0","1","2","20000","2","1301201406","3","3","0","350"
"3070910","3070910","0","7","2","2530001","600050","610031","8250","13","70","0","0","108001030","3000","4000","(X=-23325,Y=-2073,Z=243)","1","1001","0","1","2","20000","2","1301201406","3","3","0","350"
"3070911","3070911","0","7","2","2530001","600030","610176","8250","21","70","0","0","107003010","3000","4000","(X=-20048,Y=-23270,Z=4917)","1","1001","0","1","2","20000","2","1301201406","3","3","0","350"
"3071001","3071001","0","7","1","120083","600013","610038","9111","1","180","0","0","0","0","0","(X=0,Y=0,Z=0)","0","3004","610256","1","2","10000","2","901200402","10","3","0","350"
"3071101","3071101","0","7","1","120113","600014","610039","9111","2","180","0","0","0","0","0","(X=0,Y=0,Z=0)","0","3004","610257","1","2","10000","2","902200102","10","3","0","350"
"3071201","3071201","0","7","1","120113","600015","610040","9111","5","180","0","0","0","0","0","(X=0,Y=0,Z=0)","0","3004","610258","1","2","10000","2","902200102","10","3","0","350"
"3071301","3071301","0","7","1","120084","600016","610041","9111","4","180","0","0","0","0","0","(X=0,Y=0,Z=0)","0","3004","610259","1","2","10000","2","602202366","1","3","0","350"
"3071401","3071401","0","7","1","1370010","600017","610042","9111","3","10","0","0","0","0","0","(X=0,Y=0,Z=0)","0","3004","610260","1","2","10000","2","602202340","1","3","0","350"
"3071501","3071501","0","7","1","1370006","600018","610043","9200","2820","30","0","2820","0","0","0","(X=0,Y=0,Z=0)","0","3008","0","1","2","10000","2","1301201406","1","3","0","350"
"3071601","3071601","0","7","1","1370009","600019","610044","9200","2860","30","0","2860","0","0","0","(X=0,Y=0,Z=0)","0","3008","0","1","2","10000","2","1301201406","1","3","0","350"
"3071701","3071701","0","7","1","730154","600020","610045","9500","3","10","0","2400","0","0","0","(X=0,Y=0,Z=0)","0","3008","0","1","2","10000","2","1301201406","1","3","0","350"
"3071801","3071801","0","7","1","730139","600021","610046","9720","103","1","0","4800","0","0","0","(X=0,Y=0,Z=0)","0","3008","0","1","2","10000","2","604200103","50","3","0","350"
"3071901","3071901","0","7","1","730148","600022","610047","9720","104","1","0","4900","0","0","0","(X=0,Y=0,Z=0)","0","3008","0","1","2","10000","2","605200103","50","3","0","350"
"3080101","3080101","0","8","3","1300120","600051","610177","8050","120100009","1","0","3150","200610001","0","0","(X=0,Y=0,Z=0)","0","3008","0","1","2","30000","2","602202306","1","3","0","350"
"3080201","3080201","0","8","3","2530003","600046","610161","8050","110034005","1","0","3100","200501500","0","0","(X=0,Y=0,Z=0)","0","3008","0","1","2","30000","2","602202324","1","3","0","350"
"3080202","3080202","0","8","2","2530003","600034","610115","8050","110032201","1","0","3100","200501930","0","0","(X=0,Y=0,Z=0)","0","3008","0","1","2","30000","2","602202324","1","3","0","350"
"3080301","3080301","0","8","3","2530003","600047","610162","8000","110033201","1","0","3200","200400231","0","0","(X=0,Y=0,Z=0)","0","3008","0","1","2","30000","2","602202326","1","3","0","350"
"3080302","3080302","0","8","2","2530003","600035","610116","8000","110033005","1","0","3200","200400221","0","0","(X=0,Y=0,Z=0)","0","3008","0","1","2","30000","2","602202326","1","3","0","350"
"3080401","3080401","0","8","3","2530001","600052","610178","8250","1","70","0","0","201004042","2500","3000","(X=-7905,Y=-6248,Z=1711)","1","1001","0","1","2","30000","2","603200102","1","3","0","350"
"3080402","3080402","0","8","3","2530001","600052","610118","8250","2","70","0","0","201004042","2500","3000","(X=13709,Y=9744,Z=-279)","1","1001","0","1","2","30000","2","603200102","1","3","0","350"
"3080403","3080403","0","8","3","2530001","600052","610117","8250","3","70","0","0","201004042","2500","3000","(X=5529,Y=-8742,Z=125)","1","1001","0","1","2","30000","2","603200102","1","3","0","350"
"3080501","3080501","0","8","3","2530001","600037","610009","8250","1","70","0","0","201510106","0","0","(X=0,Y=0,Z=0)","1","3003","610288","1","2","30000","2","603200102","1","3","0","350"
"3080502","3080502","0","8","3","2530001","600037","610010","8250","1","70","0","0","201510107","0","0","(X=0,Y=0,Z=0)","1","3003","610289","1","2","30000","2","603200102","1","3","0","350"
"3080503","3080503","0","8","3","2530001","600037","610011","8250","1","70","0","0","201510108","0","0","(X=0,Y=0,Z=0)","1","3003","610290","1","2","30000","2","603200102","1","3","0","350"
"3080601","3080601","0","8","3","1300117","600053","610179","8250","1","70","0","0","10090","2500","3000","(X=-8144,Y=14481,Z=1926)","1","1001","0","1","2","30000","2","603200402","1","3","0","350"
"3080602","3080602","0","8","3","1300117","600053","610180","8250","2","70","0","0","10090","2500","3000","(X=115,Y=12818,Z=1720)","1","1001","0","1","2","30000","2","603200402","1","3","0","350"
"3080603","3080603","0","8","3","1300117","600053","610181","8250","3","70","0","0","10090","2500","3000","(X=9225,Y=-15465,Z=4505)","1","1001","0","1","2","30000","2","603200402","1","3","0","350"
"3080604","3080604","0","8","3","1300117","600053","610182","8250","4","70","0","0","10090","2500","3000","(X=-7669,Y=-4126,Z=1065)","1","1001","0","1","2","30000","2","603200402","1","3","0","350"
"3080605","3080605","0","8","3","1300117","600053","610183","8250","5","70","0","0","10090","2500","3000","(X=9238,Y=5821,Z=1405)","1","1001","0","1","2","30000","2","603200402","1","3","0","350"
"3080701","3080701","0","8","3","2530001","600054","610055","8250","1","70","0","0","201520301","0","0","(X=0,Y=0,Z=0)","1","3003","610291","1","2","30000","2","603200402","1","3","0","350"
"3080702","3080702","0","8","3","2530001","600054","610056","8250","1","70","0","0","201520302","0","0","(X=0,Y=0,Z=0)","1","3003","610292","1","2","30000","2","603200402","1","3","0","350"
"3080703","3080703","0","8","3","2530001","600054","610057","8250","1","70","0","0","201520303","0","0","(X=0,Y=0,Z=0)","1","3003","610293","1","2","30000","2","603200402","1","3","0","350"
"3080801","3080801","0","8","3","1300117","600075","610184","8250","1","70","0","0","200022260","2500","3000","(X=-13537,Y=2013,Z=2505)","1","1001","0","1","2","30000","2","603200302","1","3","0","350"
"3080802","3080802","0","8","3","1300117","600075","610185","8250","2","70","0","0","200022260","2500","3000","(X=-12867,Y=-12987,Z=2949)","1","1001","0","1","2","30000","2","603200302","1","3","0","350"
"3080803","3080803","0","8","3","1300117","600075","610186","8250","3","70","0","0","200022260","2500","3000","(X=8292,Y=-9101,Z=1601)","1","1001","0","1","2","30000","2","603200302","1","3","0","350"
"3080804","3080804","0","8","3","1300117","600075","610187","8250","4","70","0","0","200022260","3000","4000","(X=12069,Y=11505,Z=2299)","1","1001","0","1","2","30000","2","603200302","1","3","0","350"
"3080901","3080901","0","8","2","2530001","600055","610188","8250","3","70","0","0","109001030","2500","3000","(X=-8049,Y=5537,Z=3004)","1","1001","0","1","2","20000","2","1301201406","3","3","0","350"
"3080902","3080902","0","8","2","2530001","600055","610189","8250","4","70","0","0","109001030","2500","3000","(X=-12997,Y=2601,Z=2504)","1","1001","0","1","2","20000","2","1301201406","3","3","0","350"
"3080903","3080903","0","8","2","2530001","600055","610190","8250","5","70","0","0","109001030","2500","3000","(X=-10510,Y=-1173,Z=2984)","1","1001","0","1","2","20000","2","1301201406","3","3","0","350"
"3080904","3080904","0","8","2","2530001","600055","610031","8250","6","70","0","0","109001030","2500","3000","(X=-10464,Y=-7395,Z=2048)","1","1001","0","1","2","20000","2","1301201406","3","3","0","350"
"3080905","3080905","0","8","2","2530001","600055","610191","8250","7","70","0","0","109001030","2500","3000","(X=-12111,Y=-12261,Z=2948)","1","1001","0","1","2","20000","2","1301201406","3","3","0","350"
"3080906","3080906","0","8","2","2530001","600055","610192","8250","8","70","0","0","109001030","2500","3000","(X=-5790,Y=-13190,Z=2002)","1","1001","0","1","2","20000","2","1301201406","3","3","0","350"
"3080907","3080907","0","8","2","2530001","600055","610193","8250","9","70","0","0","109001030","2500","3000","(X=6784,Y=-8624,Z=1504)","1","1001","0","1","2","20000","2","1301201406","3","3","0","350"
"3080908","3080908","0","8","2","2530001","600055","610031","8250","11","70","0","0","109001030","2500","3000","(X=11051,Y=5066,Z=3020)","1","1001","0","1","2","20000","2","1301201406","3","3","0","350"
"3080909","3080909","0","8","2","2530001","600055","610194","8250","12","70","0","0","109001030","2500","3000","(X=6514,Y=7634,Z=2072)","1","1001","0","1","2","20000","2","1301201406","3","3","0","350"
"3080910","3080910","0","8","2","2530001","600055","610195","8250","13","70","0","0","109001030","2500","3000","(X=11529,Y=11225,Z=2297)","1","1001","0","1","2","20000","2","1301201406","3","3","0","350"
"3080911","3080911","0","8","2","2530001","600056","610196","8250","2","70","0","0","109001020","2500","3000","(X=-8287,Y=4755,Z=3829)","1","1001","0","1","2","20000","2","1301201406","3","3","0","350"
"3080912","3080912","0","8","2","2530001","600056","610197","8250","5","70","0","0","109001020","2500","3000","(X=6045,Y=2831,Z=4547)","1","1001","0","1","2","20000","2","1301201406","3","3","0","350"
"3080913","3080913","0","8","2","2530001","600056","610198","8250","6","70","0","0","109001020","2500","3000","(X=11016,Y=5815,Z=5176)","1","1001","0","1","2","20000","2","1301201406","3","3","0","350"
"3080914","3080914","0","8","2","2530001","600056","610199","8250","7","70","0","0","109001020","2500","3000","(X=9194,Y=-737,Z=4457)","1","1001","0","1","2","20000","2","1301201406","3","3","0","350"
"3080915","3080915","0","8","2","2530001","600056","610200","8250","8","70","0","0","109001020","2500","3000","(X=5933,Y=-5933,Z=6845)","1","1001","0","1","2","20000","2","1301201406","3","3","0","350"
"3080916","3080916","0","8","2","2530001","600056","610201","8250","9","70","0","0","109001020","2500","3000","(X=11151,Y=-8151,Z=7010)","1","1001","0","1","2","20000","2","1301201406","3","3","0","350"
"3080917","3080917","0","8","2","2530001","600056","610202","8250","10","70","0","0","109001020","2500","3000","(X=12415,Y=-2266,Z=5542)","1","1001","0","1","2","20000","2","1301201406","3","3","0","350"
"3081001","3081001","0","8","1","120083","600013","610038","9111","1","180","0","0","0","0","0","(X=0,Y=0,Z=0)","0","3004","610256","1","2","10000","2","901200402","10","3","0","350"
"3081101","3081101","0","8","1","120113","600014","610039","9111","2","180","0","0","0","0","0","(X=0,Y=0,Z=0)","0","3004","610257","1","2","10000","2","902200102","10","3","0","350"
"3081201","3081201","0","8","1","120113","600015","610040","9111","5","180","0","0","0","0","0","(X=0,Y=0,Z=0)","0","3004","610258","1","2","10000","2","902200102","10","3","0","350"
"3081301","3081301","0","8","1","120084","600016","610041","9111","4","180","0","0","0","0","0","(X=0,Y=0,Z=0)","0","3004","610259","1","2","10000","2","602202366","1","3","0","350"
"3081401","3081401","0","8","1","1370010","600017","610042","9111","3","10","0","0","0","0","0","(X=0,Y=0,Z=0)","0","3004","610260","1","2","10000","2","602202340","1","3","0","350"
"3081501","3081501","0","8","1","1370006","600018","610043","9200","2820","30","0","2820","0","0","0","(X=0,Y=0,Z=0)","0","3008","0","1","2","10000","2","1301201406","1","3","0","350"
"3081601","3081601","0","8","1","1370009","600019","610044","9200","2860","30","0","2860","0","0","0","(X=0,Y=0,Z=0)","0","3008","0","1","2","10000","2","1301201406","1","3","0","350"
"3081701","3081701","0","8","1","730154","600020","610045","9500","3","10","0","2400","0","0","0","(X=0,Y=0,Z=0)","0","3008","0","1","2","10000","2","1301201406","1","3","0","350"
"3081801","3081801","0","8","1","730139","600021","610046","9720","103","1","0","4800","0","0","0","(X=0,Y=0,Z=0)","0","3008","0","1","2","10000","2","604200103","50","3","0","350"
"3081901","3081901","0","8","1","730148","600022","610047","9720","104","1","0","4900","0","0","0","(X=0,Y=0,Z=0)","0","3008","0","1","2","10000","2","605200103","50","3","0","350"
"3090101","3090101","0","9","3","1300120","600051","610177","8050","120100009","1","0","3150","200610001","0","0","(X=0,Y=0,Z=0)","0","3008","0","1","2","30000","2","602202306","1","3","0","350"
"3090201","3090201","0","9","3","2530003","600057","610203","8050","110033031","1","0","3100","200501950","0","0","(X=0,Y=0,Z=0)","0","3008","0","1","2","30000","2","602202324","1","3","0","350"
"3090202","3090202","0","9","2","2530003","600046","610161","8050","110034005","1","0","3100","200501500","0","0","(X=0,Y=0,Z=0)","0","3008","0","1","2","30000","2","602202324","1","3","0","350"
"3090301","3090301","0","9","3","2530003","600058","610204","8000","110034102","1","0","3200","200501940","0","0","(X=0,Y=0,Z=0)","0","3008","0","1","2","30000","2","602202326","1","3","0","350"
"3090302","3090302","0","9","2","2530003","600047","610162","8000","110033201","1","0","3200","200400231","0","0","(X=0,Y=0,Z=0)","0","3008","0","1","2","30000","2","602202326","1","3","0","350"
"3090401","3090401","0","9","3","2530001","600059","610178","8250","1","70","0","0","201004043","2500","3000","(X=-18573,Y=5869,Z=51)","1","1001","0","1","2","30000","2","603200102","1","3","0","350"
"3090402","3090402","0","9","3","2530001","600059","610119","8250","2","70","0","0","201004043","2500","3000","(X=10824,Y=15233,Z=34)","1","1001","0","1","2","30000","2","603200102","1","3","0","350"
"3090403","3090403","0","9","3","2530001","600059","610118","8250","3","70","0","0","201004043","2500","3000","(X=-10041,Y=-12726,Z=-36)","1","1001","0","1","2","30000","2","603200102","1","3","0","350"
"3090601","3090601","0","9","3","1300117","600060","610205","8250","1","70","0","0","10091","2500","3000","(X=-8144,Y=14481,Z=1926)","1","1001","0","1","2","30000","2","603200402","1","3","0","350"
"3090602","3090602","0","9","3","1300117","600060","610206","8250","2","70","0","0","10091","2500","3000","(X=115,Y=12818,Z=1720)","1","1001","0","1","2","30000","2","603200402","1","3","0","350"
"3090603","3090603","0","9","3","1300117","600060","610207","8250","3","70","0","0","10091","2500","3000","(X=-7669,Y=-4126,Z=1065)","1","1001","0","1","2","30000","2","603200402","1","3","0","350"
"3090604","3090604","0","9","3","1300117","600060","610208","8250","4","70","0","0","10091","2500","3000","(X=9225,Y=-15465,Z=4505)","1","1001","0","1","2","30000","2","603200402","1","3","0","350"
"3090605","3090605","0","9","3","1300117","600060","610209","8250","5","70","0","0","10091","2500","3000","(X=9238,Y=5821,Z=1442)","1","1001","0","1","2","30000","2","603200402","1","3","0","350"
"3090606","3090606","0","9","3","1300117","600061","610210","8250","1","70","0","0","10083","2500","3000","(X=8758,Y=16378,Z=1222)","1","1001","0","1","2","30000","2","603200402","1","3","0","350"
"3090607","3090607","0","9","3","1300117","600061","610211","8250","2","70","0","0","10083","2500","3000","(X=-15865,Y=8935,Z=1200)","1","1001","0","1","2","30000","2","603200402","1","3","0","350"
"3090608","3090608","0","9","3","1300117","600061","610212","8250","3","70","0","0","10083","2500","3000","(X=-17632,Y=-15937,Z=1800)","1","1001","0","1","2","30000","2","603200402","1","3","0","350"
"3090609","3090609","0","9","3","1300117","600061","610213","8250","4","70","0","0","10083","2500","3000","(X=15944,Y=-16936,Z=1790)","1","1001","0","1","2","30000","2","603200402","1","3","0","350"
"3090610","3090610","0","9","3","1300117","600061","610214","8250","5","70","0","0","10083","2500","3000","(X=77,Y=82,Z=16)","1","1001","0","1","2","30000","2","603200402","1","3","0","350"
"3090701","3090701","0","9","3","2530001","600054","610079","8250","1","70","0","0","201520304","0","0","(X=0,Y=0,Z=0)","1","3003","610294","1","2","30000","2","603200402","1","3","0","350"
"3090702","3090702","0","9","3","2530001","600054","610080","8250","1","70","0","0","201520305","0","0","(X=0,Y=0,Z=0)","1","3003","610295","1","2","30000","2","603200402","1","3","0","350"
"3090703","3090703","0","9","3","2530001","600054","610081","8250","1","70","0","0","201520306","0","0","(X=0,Y=0,Z=0)","1","3003","610296","1","2","30000","2","603200402","1","3","0","350"
"3090801","3090801","0","9","2","1300117","600077","610215","8250","1","70","0","0","200022280","2500","3000","(X=-21064.722656,Y=-11190.458984,Z=1510.000000)","1","1001","0","1","2","20000","2","1301201406","3","3","0","350"
"3090802","3090802","0","9","2","1300117","600077","610216","8250","2","70","0","0","200022280","2500","3000","(X=-4449.000000,Y=-10854.000000,Z=925.000000)","1","1001","0","1","2","20000","2","1301201406","3","3","0","350"
"3090803","3090803","0","9","2","1300117","600077","610217","8250","3","70","0","0","200022280","2500","3000","(X=-14717.659180,Y=7608.292969,Z=535.000000)","1","1001","0","1","2","20000","2","1301201406","3","3","0","350"
"3090804","3090804","0","9","2","1300117","600077","610218","8250","4","70","0","0","200022280","3000","4000","(X=5124.013672,Y=-6455.587891,Z=810.000000)","1","1001","0","1","2","20000","2","1301201406","3","3","0","350"
"3090805","3090805","0","9","2","1300117","600077","610219","8250","5","70","0","0","200022280","3000","4000","(X=18009.324219,Y=2801.383545,Z=488.000000)","1","1001","0","1","2","20000","2","1301201406","3","3","0","350"
"3090806","3090806","0","9","3","1300117","600076","610220","8250","1","70","0","0","200022270","2500","3000","(X=-19385.000000,Y=305.000000,Z=-725.000000)","1","1001","0","1","2","30000","2","603200302","1","3","0","350"
"3090807","3090807","0","9","3","1300117","600076","610221","8250","2","70","0","0","200022270","2500","3000","(X=-11545.000000,Y=-9099.000000,Z=398.000000)","1","1001","0","1","2","30000","2","603200302","1","3","0","350"
"3090808","3090808","0","9","3","1300117","600076","610222","8250","3","70","0","0","200022270","2500","3000","(X=127.000000,Y=8612.000000,Z=-1307.000000)","1","1001","0","1","2","30000","2","603200302","1","3","0","350"
"3090809","3090809","0","9","3","1300117","600076","610223","8250","4","70","0","0","200022270","3000","4000","(X=19615.513672,Y=-9456.383789,Z=88.000000)","1","1001","0","1","2","30000","2","603200302","1","3","0","350"
"3090810","3090810","0","9","3","1300117","600076","610224","8250","5","70","0","0","200022270","3000","4000","(X=19212.554688,Y=1225.562378,Z=-487.000000)","1","1001","0","1","2","30000","2","603200302","1","3","0","350"
"3090901","3090901","0","9","2","2530001","600062","610225","8250","1","70","0","0","109001050","2500","3000","(X=-21465,Y=-5730,Z=900)","1","1001","0","1","2","20000","2","1301201406","3","3","0","350"
"3090902","3090902","0","9","2","2530001","600062","610226","8250","2","70","0","0","109001050","2500","3000","(X=-12030,Y=-6816,Z=1050)","1","1001","0","1","2","20000","2","1301201406","3","3","0","350"
"3090903","3090903","0","9","2","2530001","600062","610227","8250","3","70","0","0","109001050","2500","3000","(X=-2593,Y=-10748,Z=925)","1","1001","0","1","2","20000","2","1301201406","3","3","0","350"
"3090904","3090904","0","9","2","2530001","600062","610228","8250","4","70","0","0","109001050","2500","3000","(X=-2114,Y=1944,Z=45)","1","1001","0","1","2","20000","2","1301201406","3","3","0","350"
"3090905","3090905","0","9","2","2530001","600062","610229","8250","6","70","0","0","109001050","2500","3000","(X=-14610,Y=7643,Z=535)","1","1001","0","1","2","20000","2","1301201406","3","3","0","350"
"3090906","3090906","0","9","2","2530001","600062","610230","8250","7","70","0","0","109001050","2500","3000","(X=-21695,Y=6782,Z=340)","1","1001","0","1","2","20000","2","1301201406","3","3","0","350"
"3090907","3090907","0","9","2","2530001","600062","610048","8250","8","70","0","0","109001050","2500","3000","(X=5362,Y=2177,Z=570)","1","1001","0","1","2","30000","2","603200102","1","3","0","350"
"3090908","3090908","0","9","2","2530001","600062","610048","8250","11","70","0","0","109001050","2500","3000","(X=5484,Y=-6256,Z=810)","1","1001","0","1","2","30000","2","603200102","1","3","0","350"
"3090909","3090909","0","9","2","2530001","600062","610048","8250","12","70","0","0","109001050","2500","3000","(X=13511,Y=-7442,Z=1350)","1","1001","0","1","2","30000","2","603200102","1","3","0","350"
"3090910","3090910","0","9","2","2530001","600062","610128","8250","13","70","0","0","109001050","2500","3000","(X=20631,Y=-7668,Z=1510)","1","1001","0","1","2","30000","2","603200302","1","3","0","350"
"3090911","3090911","0","9","2","2530001","600062","610231","8250","14","70","0","0","109001050","2500","3000","(X=19139,Y=3126,Z=915)","1","1001","0","1","2","20000","2","1301201406","3","3","0","350"
"3090912","3090912","0","9","2","2530001","600063","610232","8250","1","70","0","0","109001040","2500","3000","(X=-19526,Y=-7838,Z=105)","1","1001","0","1","2","20000","2","1301201406","3","3","0","350"
"3090913","3090913","0","9","2","2530001","600063","610031","8250","2","70","0","0","109001040","2500","3000","(X=-18404,Y=8319,Z=-1550)","1","1001","0","1","2","20000","2","1301201406","3","3","0","350"
"3090914","3090914","0","9","2","2530001","600063","610233","8250","3","70","0","0","109001040","2500","3000","(X=-12035,Y=8704,Z=-1060)","1","1001","0","1","2","20000","2","1301201406","3","3","0","350"
"3090915","3090915","0","9","2","2530001","600063","610234","8250","4","70","0","0","109001040","2500","3000","(X=-11305,Y=-6534,Z=398)","1","1001","0","1","2","20000","2","1301201406","3","3","0","350"
"3090916","3090916","0","9","2","2530001","600063","610235","8250","5","70","0","0","109001040","3000","3500","(X=-3706,Y=-6940,Z=-512)","1","1001","0","1","2","20000","2","1301201406","3","3","0","350"
"3090917","3090917","0","9","2","2530001","600063","610236","8250","6","70","0","0","109001040","2500","3000","(X=127,Y=8612,Z=-1307)","1","1001","0","1","2","20000","2","1301201406","3","3","0","350"
"3090918","3090918","0","9","2","2530001","600063","610237","8250","7","70","0","0","109001040","2500","3000","(X=3716,Y=-5186,Z=-522)","1","1001","0","1","2","20000","2","1301201406","3","3","0","350"
"3090919","3090919","0","9","2","2530001","600063","610238","8250","8","70","0","0","109001040","2500","3000","(X=11479,Y=-6486,Z=428)","1","1001","0","1","2","20000","2","1301201406","3","3","0","350"
"3090920","3090920","0","9","2","2530001","600063","610031","8250","11","70","0","0","109001040","2500","3000","(X=11505,Y=7175,Z=-1102)","1","1001","0","1","2","20000","2","1301201406","3","3","0","350"
"3090921","3090921","0","9","2","2530001","600063","610239","8250","12","70","0","0","109001040","2500","3000","(X=20891,Y=9777,Z=428)","1","1001","0","1","2","20000","2","1301201406","3","3","0","350"
"3091001","3091001","0","9","1","120083","600013","610038","9111","1","180","0","0","0","0","0","(X=0,Y=0,Z=0)","0","3004","610256","1","2","10000","2","901200402","10","3","0","350"
"3091101","3091101","0","9","1","120113","600014","610039","9111","2","180","0","0","0","0","0","(X=0,Y=0,Z=0)","0","3004","610257","1","2","10000","2","902200102","10","3","0","350"
"3091201","3091201","0","9","1","120113","600015","610040","9111","5","180","0","0","0","0","0","(X=0,Y=0,Z=0)","0","3004","610258","1","2","10000","2","902200102","10","3","0","350"
"3091301","3091301","0","9","1","120084","600016","610041","9111","4","180","0","0","0","0","0","(X=0,Y=0,Z=0)","0","3004","610259","1","2","10000","2","602202366","1","3","0","350"
"3091401","3091401","0","9","1","1370010","600017","610042","9111","3","10","0","0","0","0","0","(X=0,Y=0,Z=0)","0","3004","610260","1","2","10000","2","602202340","1","3","0","350"
"3091501","3091501","0","9","1","1370006","600018","610043","9200","2820","30","0","2820","0","0","0","(X=0,Y=0,Z=0)","0","3008","0","1","2","10000","2","1301201406","1","3","0","350"
"3091601","3091601","0","9","1","1370009","600019","610044","9200","2860","30","0","2860","0","0","0","(X=0,Y=0,Z=0)","0","3008","0","1","2","10000","2","1301201406","1","3","0","350"
"3091701","3091701","0","9","1","730154","600020","610045","9500","3","10","0","2400","0","0","0","(X=0,Y=0,Z=0)","0","3008","0","1","2","10000","2","1301201406","1","3","0","350"
"3091801","3091801","0","9","1","730139","600021","610046","9720","103","1","0","4800","0","0","0","(X=0,Y=0,Z=0)","0","3008","0","1","2","10000","2","604200103","50","3","0","350"
"3091901","3091901","0","9","1","730148","600022","610047","9720","104","1","0","4900","0","0","0","(X=0,Y=0,Z=0)","0","3008","0","1","2","10000","2","605200103","50","3","0","350"
"3100101","3100101","0","10","3","1300120","600051","610177","8050","120100009","1","0","3150","200610001","0","0","(X=0,Y=0,Z=0)","0","3008","0","1","2","30000","2","602202306","1","3","0","350"
"3100201","3100201","0","10","3","2530003","600057","610203","8050","110033031","1","0","3100","200501950","0","0","(X=0,Y=0,Z=0)","0","3008","0","1","2","30000","2","602202324","1","3","0","350"
"3100202","3100202","0","10","2","2530003","600046","610161","8050","110034005","1","0","3100","200501500","0","0","(X=0,Y=0,Z=0)","0","3008","0","1","2","30000","2","602202324","1","3","0","350"
"3100301","3100301","0","10","3","2530003","600058","610204","8000","110034102","1","0","3200","200501940","0","0","(X=0,Y=0,Z=0)","0","3008","0","1","2","30000","2","602202326","1","3","0","350"
"3100302","3100302","0","10","2","2530003","600047","610162","8000","110033201","1","0","3200","200400231","0","0","(X=0,Y=0,Z=0)","0","3008","0","1","2","30000","2","602202326","1","3","0","350"
"3100401","3100401","0","10","3","2530001","600059","610178","8250","1","70","0","0","201004043","2500","3000","(X=-18573,Y=5869,Z=51)","1","1001","0","1","2","30000","2","603200102","1","3","0","350"
"3100402","3100402","0","10","3","2530001","600059","610119","8250","2","70","0","0","201004043","2500","3000","(X=10824,Y=15233,Z=34)","1","1001","0","1","2","30000","2","603200102","1","3","0","350"
"3100403","3100403","0","10","3","2530001","600059","610118","8250","3","70","0","0","201004043","2500","3000","(X=-10041,Y=-12726,Z=-36)","1","1001","0","1","2","30000","2","603200102","1","3","0","350"
"3100601","3100601","0","10","3","1300117","600064","610240","8250","1","70","0","0","10092","2500","3000","(X=-8144,Y=14481,Z=1926)","1","1001","0","1","2","30000","2","603200402","1","3","0","350"
"3100602","3100602","0","10","3","1300117","600064","610241","8250","2","70","0","0","10092","2500","3000","(X=115,Y=12818,Z=1720)","1","1001","0","1","2","30000","2","603200402","1","3","0","350"
"3100603","3100603","0","10","3","1300117","600064","610242","8250","3","70","0","0","10092","2500","3000","(X=9225,Y=-15465,Z=4505)","1","1001","0","1","2","30000","2","603200402","1","3","0","350"
"3100604","3100604","0","10","3","1300117","600064","610243","8250","4","70","0","0","10092","2500","3000","(X=-7669,Y=-4126,Z=1065)","1","1001","0","1","2","30000","2","603200402","1","3","0","350"
"3100605","3100605","0","10","3","1300117","600064","610244","8250","5","70","0","0","10092","2500","3000","(X=9238,Y=5821,Z=1441)","1","1001","0","1","2","30000","2","603200402","1","3","0","350"
"3100701","3100701","0","10","3","2530001","600054","610009","8250","1","70","0","0","201520307","0","0","(X=0,Y=0,Z=0)","1","3003","610297","1","2","30000","2","603200102","1","3","0","350"
"3100702","3100702","0","10","3","2530001","600054","610010","8250","1","70","0","0","201520308","0","0","(X=0,Y=0,Z=0)","1","3003","610298","1","2","30000","2","603200102","1","3","0","350"
"3100703","3100703","0","10","3","2530001","600054","610011","8250","1","70","0","0","201520309","0","0","(X=0,Y=0,Z=0)","1","3003","610299","1","2","30000","2","603200102","1","3","0","350"
"3100801","3100801","0","10","2","1300117","600078","610245","8250","1","70","0","0","200022290","2500","3000","(X=-15086.410156,Y=7029.917480,Z=45.000000)","1","1001","0","1","2","20000","2","1301201406","3","3","0","350"
"3100802","3100802","0","10","2","1300117","600078","610246","8250","2","70","0","0","200022290","2500","3000","(X=-6475.986328,Y=-8801.799805,Z=-442.000000)","1","1001","0","1","2","20000","2","1301201406","3","3","0","350"
"3100803","3100803","0","10","2","1300117","600078","610247","8250","3","70","0","0","200022290","2500","3000","(X=451.000000,Y=3511.000000,Z=-156.000000)","1","1001","0","1","2","20000","2","1301201406","3","3","0","350"
"3100804","3100804","0","10","2","1300117","600078","610128","8250","4","70","0","0","200022290","3000","4000","(X=7863.000000,Y=-9085.000000,Z=60.000000)","1","1001","0","1","2","30000","2","603200302","1","3","0","350"
"3100805","3100805","0","10","2","1300117","600078","610248","8250","5","70","0","0","200022290","2500","3000","(X=23795.000000,Y=2627.000000,Z=84.000000)","1","1001","0","1","2","20000","2","1301201406","3","3","0","350"
"3100901","3100901","0","10","2","2530001","600065","610249","8250","1","70","0","0","109001060","2500","3000","(X=-15237,Y=7740,Z=-460)","1","1001","0","1","2","20000","2","1301201406","3","3","0","350"
"3100902","3100902","0","10","2","2530001","600065","610031","8250","2","70","0","0","109001060","2500","3000","(X=-15425,Y=1447,Z=14)","1","1001","0","1","2","20000","2","1301201406","3","3","0","350"
"3100903","3100903","0","10","2","2530001","600065","610250","8250","3","70","0","0","109001060","2500","3000","(X=-21938,Y=-4883,Z=-437)","1","1001","0","1","2","20000","2","1301201406","3","3","0","350"
"3100904","3100904","0","10","2","2530001","600065","610031","8250","4","70","0","0","109001060","2500","3000","(X=-15785,Y=-7959,Z=42)","1","1001","0","1","2","20000","2","1301201406","3","3","0","350"
"3100905","3100905","0","10","2","2530001","600065","610251","8250","5","70","0","0","109001060","2500","3000","(X=-6499,Y=-9176,Z=-442)","1","1001","0","1","2","20000","2","1301201406","3","3","0","350"
"3100906","3100906","0","10","2","2530001","600065","610031","8250","7","70","0","0","109001060","2500","3000","(X=7863,Y=-9085,Z=60)","1","1001","0","1","2","20000","2","1301201406","3","3","0","350"
"3100907","3100907","0","10","2","2530001","600065","610252","8250","8","70","0","0","109001060","2500","3000","(X=-7066,Y=18335,Z=82)","1","1001","0","1","2","20000","2","1301201406","3","3","0","350"
"3100908","3100908","0","10","2","2530001","600065","610031","8250","9","70","0","0","109001060","2500","3000","(X=113,Y=6892,Z=-226)","1","1001","0","1","2","20000","2","1301201406","3","3","0","350"
"3100909","3100909","0","10","2","2530001","600065","610253","8250","11","70","0","0","109001060","2500","3000","(X=8573,Y=18215,Z=-2)","1","1001","0","1","2","20000","2","1301201406","3","3","0","350"
"3100910","3100910","0","10","2","2530001","600065","610254","8250","12","70","0","0","109001060","2500","3000","(X=23887,Y=2764,Z=84)","1","1001","0","1","2","20000","2","1301201406","3","3","0","350"
"3100911","3100911","0","10","2","2530001","600065","610255","8250","13","70","0","0","109001060","2500","3000","(X=23817,Y=8906,Z=-411)","1","1001","0","1","2","20000","2","1301201406","3","3","0","350"
"3101001","3101001","0","10","1","120083","600013","610038","9111","1","180","0","0","0","0","0","(X=0,Y=0,Z=0)","0","3004","610256","1","2","10000","2","901200402","10","3","0","350"
"3101101","3101101","0","10","1","120113","600014","610039","9111","2","180","0","0","0","0","0","(X=0,Y=0,Z=0)","0","3004","610257","1","2","10000","2","902200102","10","3","0","350"
"3101201","3101201","0","10","1","120113","600015","610040","9111","5","180","0","0","0","0","0","(X=0,Y=0,Z=0)","0","3004","610258","1","2","10000","2","902200102","10","3","0","350"
"3101301","3101301","0","10","1","120084","600016","610041","9111","4","180","0","0","0","0","0","(X=0,Y=0,Z=0)","0","3004","610259","1","2","10000","2","602202366","1","3","0","350"
"3101401","3101401","0","10","1","1370010","600017","610042","9111","3","10","0","0","0","0","0","(X=0,Y=0,Z=0)","0","3004","610260","1","2","10000","2","602202340","1","3","0","350"
"3101501","3101501","0","10","1","1370006","600018","610043","9200","2820","30","0","2820","0","0","0","(X=0,Y=0,Z=0)","0","3008","0","1","2","10000","2","1301201406","1","3","0","350"
"3101601","3101601","0","10","1","1370009","600019","610044","9200","2860","30","0","2860","0","0","0","(X=0,Y=0,Z=0)","0","3008","0","1","2","10000","2","1301201406","1","3","0","350"
"3101701","3101701","0","10","1","730154","600020","610045","9500","3","10","0","2400","0","0","0","(X=0,Y=0,Z=0)","0","3008","0","1","2","10000","2","1301201406","1","3","0","350"
"3101801","3101801","0","10","1","730139","600021","610046","9720","103","1","0","4800","0","0","0","(X=0,Y=0,Z=0)","0","3008","0","1","2","10000","2","604200103","50","3","0","350"
"3101901","3101901","0","10","1","730148","600022","610047","9720","104","1","0","4900","0","0","0","(X=0,Y=0,Z=0)","0","3008","0","1","2","10000","2","605200103","50","3","0","350"
