"Name","ExchangeID","Item_Main_Type","Item_Sub_type","Item_Grade","Item_Tier","Item_SmeltingType","Exchange_Cost_ItemId","Exchange_Cost_ItemValue","Exchange_Cost_Type","Exchange_Cost_Value","Exchange_Input_Item_List1","Exchange_Output_Item_List1","Exchange_Input_Item_List2","Exchange_Output_Item_List2","Exchange_Input_Item_List3","Exchange_Output_Item_List3","Exchange_Input_Item_List4","Exchange_Output_Item_List4","Exchange_Input_Item_List5","Exchange_Output_Item_List5","Exchange_Input_Item_List6","Exchange_Output_Item_List6"
"3001","3001","2","0","3","1","2","1802200017","1","4","990","(200101010,200201010)","(200201011)","(200102010,200202010)","(200202011)","(200103010,200203010)","(200203011)","(200104010,200204010)","(200204011)","(200105010,200205010)","(200205011)","(200106010,200206010)","(200206011)"
"3002","3002","2","0","3","1","3","1802200017","1","4","990","(200101011,200201011)","(200201010)","(200102011,200202011)","(200202010)","(200103011,200203011)","(200203010)","(200104011,200204011)","(200204010)","(200105011,200205011)","(200205010)","(200106011,200206011)","(200206010)"
"3003","3003","3","1","3","1","2","1802200017","1","4","990","(301101010,301201010)","(301201011)","(301102010,301202010)","(301202011)","(301103010,301203010)","(301203011)","(301104010,301204010)","(301204011)","(301105010,301205010)","(301205011)","(301106010,301206010)","(301206011)"
"3004","3004","3","1","3","1","3","1802200017","1","4","990","(301101011,301201011)","(301201010)","(301102011,301202011)","(301202010)","(301103011,301203011)","(301203010)","(301104011,301204011)","(301204010)","(301105011,301205011)","(301205010)","(301106011,301206011)","(301206010)"
"3005","3005","3","2","3","1","2","1802200017","1","4","990","(302101010,302201010)","(302201011)","(302102010,302202010)","(302202011)","(302103010,302203010)","(302203011)","(302104010,302204010)","(302204011)","(302105010,302205010)","(302205011)","(302106010,302206010)","(302206011)"
"3006","3006","3","2","3","1","3","1802200017","1","4","990","(302101011,302201011)","(302201010)","(302102011,302202011)","(302202010)","(302103011,302203011)","(302203010)","(302104011,302204011)","(302204010)","(302105011,302205011)","(302205010)","(302106011,302206011)","(302206010)"
"3007","3007","3","3","3","1","2","1802200017","1","4","990","(303101010,303201010)","(303201011)","(303102010,303202010)","(303202011)","(303103010,303203010)","(303203011)","(303104010,303204010)","(303204011)","(303105010,303205010)","(303205011)","(303106010,303206010)","(303206011)"
"3008","3008","3","3","3","1","3","1802200017","1","4","990","(303101011,303201011)","(303201010)","(303102011,303202011)","(303202010)","(303103011,303203011)","(303203010)","(303104011,303204011)","(303204010)","(303105011,303205011)","(303205010)","(303106011,303206011)","(303206010)"
"3009","3009","3","4","3","1","2","1802200017","1","4","990","(304101010,304201010)","(304201011)","(304102010,304202010)","(304202011)","(304103010,304203010)","(304203011)","(304104010,304204010)","(304204011)","(304105010,304205010)","(304205011)","(304106010,304206010)","(304206011)"
"3010","3010","3","4","3","1","3","1802200017","1","4","990","(304101011,304201011)","(304201010)","(304102011,304202011)","(304202010)","(304103011,304203011)","(304203010)","(304104011,304204011)","(304204010)","(304105011,304205011)","(304205010)","(304106011,304206011)","(304206010)"
"3011","3011","4","1","3","1","2","1802200017","1","4","990","(401101010,401201010)","(401201011)","(401101010,401201010)","(401201011)","(401101010,401201010)","(401201011)","(401101010,401201010)","(401201011)","(401101010,401201010)","(401201011)","(401101010,401201010)","(401201011)"
"3012","3012","4","1","3","1","3","1802200017","1","4","990","(401101011,401201011)","(401201010)","(401101011,401201011)","(401201010)","(401101011,401201011)","(401201010)","(401101011,401201011)","(401201010)","(401101011,401201011)","(401201010)","(401101011,401201011)","(401201010)"
"3013","3013","4","2","3","1","2","1802200017","1","4","990","(402101010,402201010)","(402201011)","(402101010,402201010)","(402201011)","(402101010,402201010)","(402201011)","(402101010,402201010)","(402201011)","(402101010,402201010)","(402201011)","(402101010,402201010)","(402201011)"
"3014","3014","4","2","3","1","3","1802200017","1","4","990","(402101011,402201011)","(402201010)","(402101011,402201011)","(402201010)","(402101011,402201011)","(402201010)","(402101011,402201011)","(402201010)","(402101011,402201011)","(402201010)","(402101011,402201011)","(402201010)"
"3015","3015","4","3","3","1","2","1802200017","1","4","990","(403101010,403201010)","(403201011)","(403101010,403201010)","(403201011)","(403101010,403201010)","(403201011)","(403101010,403201010)","(403201011)","(403101010,403201010)","(403201011)","(403101010,403201010)","(403201011)"
"3016","3016","4","3","3","1","3","1802200017","1","4","990","(403101011,403201011)","(403201010)","(403101011,403201011)","(403201010)","(403101011,403201011)","(403201010)","(403101011,403201011)","(403201010)","(403101011,403201011)","(403201010)","(403101011,403201011)","(403201010)"
"3017","3017","2","0","3","2","2","1802200017","1","4","990","(200101012,200201012)","(200201013)","(200102012,200202012)","(200202013)","(200103012,200203012)","(200203013)","(200104012,200204012)","(200204013)","(200105012,200205012)","(200205013)","(200106012,200206012)","(200206013)"
"3018","3018","2","0","3","2","3","1802200017","1","4","990","(200101013,200201013)","(200201012)","(200102013,200202013)","(200202012)","(200103013,200203013)","(200203012)","(200104013,200204013)","(200204012)","(200105013,200205013)","(200205012)","(200106013,200206013)","(200206012)"
"3019","3019","3","1","3","2","2","1802200017","1","4","990","(301101012,301201012)","(301201013)","(301102012,301202012)","(301202013)","(301103012,301203012)","(301203013)","(301104012,301204012)","(301204013)","(301105012,301205012)","(301205013)","(301106012,301206012)","(301206013)"
"3020","3020","3","1","3","2","3","1802200017","1","4","990","(301101013,301201013)","(301201012)","(301102013,301202013)","(301202012)","(301103013,301203013)","(301203012)","(301104013,301204013)","(301204012)","(301105013,301205013)","(301205012)","(301106013,301206013)","(301206012)"
"3021","3021","3","2","3","2","2","1802200017","1","4","990","(302101012,302201012)","(302201013)","(302102012,302202012)","(302202013)","(302103012,302203012)","(302203013)","(302104012,302204012)","(302204013)","(302105012,302205012)","(302205013)","(302106012,302206012)","(302206013)"
"3022","3022","3","2","3","2","3","1802200017","1","4","990","(302101013,302201013)","(302201012)","(302102013,302202013)","(302202012)","(302103013,302203013)","(302203012)","(302104013,302204013)","(302204012)","(302105013,302205013)","(302205012)","(302106013,302206013)","(302206012)"
"3023","3023","3","3","3","2","2","1802200017","1","4","990","(303101012,303201012)","(303201013)","(303102012,303202012)","(303202013)","(303103012,303203012)","(303203013)","(303104012,303204012)","(303204013)","(303105012,303205012)","(303205013)","(303106012,303206012)","(303206013)"
"3024","3024","3","3","3","2","3","1802200017","1","4","990","(303101013,303201013)","(303201012)","(303102013,303202013)","(303202012)","(303103013,303203013)","(303203012)","(303104013,303204013)","(303204012)","(303105013,303205013)","(303205012)","(303106013,303206013)","(303206012)"
"3025","3025","3","4","3","2","2","1802200017","1","4","990","(304101012,304201012)","(304201013)","(304102012,304202012)","(304202013)","(304103012,304203012)","(304203013)","(304104012,304204012)","(304204013)","(304105012,304205012)","(304205013)","(304106012,304206012)","(304206013)"
"3026","3026","3","4","3","2","3","1802200017","1","4","990","(304101013,304201013)","(304201012)","(304102013,304202013)","(304202012)","(304103013,304203013)","(304203012)","(304104013,304204013)","(304204012)","(304105013,304205013)","(304205012)","(304106013,304206013)","(304206012)"
"3027","3027","4","1","3","2","2","1802200017","1","4","990","(401101012,401201012)","(401201013)","(401101012,401201012)","(401201013)","(401101012,401201012)","(401201013)","(401101012,401201012)","(401201013)","(401101012,401201012)","(401201013)","(401101012,401201012)","(401201013)"
"3028","3028","4","1","3","2","3","1802200017","1","4","990","(401101013,401201013)","(401201012)","(401101013,401201013)","(401201012)","(401101013,401201013)","(401201012)","(401101013,401201013)","(401201012)","(401101013,401201013)","(401201012)","(401101013,401201013)","(401201012)"
"3029","3029","4","2","3","2","2","1802200017","1","4","990","(402101012,402201012)","(402201013)","(402101012,402201012)","(402201013)","(402101012,402201012)","(402201013)","(402101012,402201012)","(402201013)","(402101012,402201012)","(402201013)","(402101012,402201012)","(402201013)"
"3030","3030","4","2","3","2","3","1802200017","1","4","990","(402101013,402201013)","(402201012)","(402101013,402201013)","(402201012)","(402101013,402201013)","(402201012)","(402101013,402201013)","(402201012)","(402101013,402201013)","(402201012)","(402101013,402201013)","(402201012)"
"3031","3031","4","3","3","2","2","1802200017","1","4","990","(403101012,403201012)","(403201013)","(403101012,403201012)","(403201013)","(403101012,403201012)","(403201013)","(403101012,403201012)","(403201013)","(403101012,403201012)","(403201013)","(403101012,403201012)","(403201013)"
"3032","3032","4","3","3","2","3","1802200017","1","4","990","(403101013,403201013)","(403201012)","(403101013,403201013)","(403201012)","(403101013,403201013)","(403201012)","(403101013,403201013)","(403201012)","(403101013,403201013)","(403201012)","(403101013,403201013)","(403201012)"
"3033","3033","2","0","3","3","2","1802200017","1","4","990","(200101014,200201014)","(200201015)","(200102014,200202014)","(200202015)","(200103014,200203014)","(200203015)","(200104014,200204014)","(200204015)","(200105014,200205014)","(200205015)","(200106014,200206014)","(200206015)"
"3034","3034","2","0","3","3","3","1802200017","1","4","990","(200101015,200201015)","(200201014)","(200102015,200202015)","(200202014)","(200103015,200203015)","(200203014)","(200104015,200204015)","(200204014)","(200105015,200205015)","(200205014)","(200106015,200206015)","(200206014)"
"3035","3035","3","1","3","3","2","1802200017","1","4","990","(301101014,301201014)","(301201015)","(301102014,301202014)","(301202015)","(301103014,301203014)","(301203015)","(301104014,301204014)","(301204015)","(301105014,301205014)","(301205015)","(301106014,301206014)","(301206015)"
"3036","3036","3","1","3","3","3","1802200017","1","4","990","(301101015,301201015)","(301201014)","(301102015,301202015)","(301202014)","(301103015,301203015)","(301203014)","(301104015,301204015)","(301204014)","(301105015,301205015)","(301205014)","(301106015,301206015)","(301206014)"
"3037","3037","3","2","3","3","2","1802200017","1","4","990","(302101014,302201014)","(302201015)","(302102014,302202014)","(302202015)","(302103014,302203014)","(302203015)","(302104014,302204014)","(302204015)","(302105014,302205014)","(302205015)","(302106014,302206014)","(302206015)"
"3038","3038","3","2","3","3","3","1802200017","1","4","990","(302101015,302201015)","(302201014)","(302102015,302202015)","(302202014)","(302103015,302203015)","(302203014)","(302104015,302204015)","(302204014)","(302105015,302205015)","(302205014)","(302106015,302206015)","(302206014)"
"3039","3039","3","3","3","3","2","1802200017","1","4","990","(303101014,303201014)","(303201015)","(303102014,303202014)","(303202015)","(303103014,303203014)","(303203015)","(303104014,303204014)","(303204015)","(303105014,303205014)","(303205015)","(303106014,303206014)","(303206015)"
"3040","3040","3","3","3","3","3","1802200017","1","4","990","(303101015,303201015)","(303201014)","(303102015,303202015)","(303202014)","(303103015,303203015)","(303203014)","(303104015,303204015)","(303204014)","(303105015,303205015)","(303205014)","(303106015,303206015)","(303206014)"
"3041","3041","3","4","3","3","2","1802200017","1","4","990","(304101014,304201014)","(304201015)","(304102014,304202014)","(304202015)","(304103014,304203014)","(304203015)","(304104014,304204014)","(304204015)","(304105014,304205014)","(304205015)","(304106014,304206014)","(304206015)"
"3042","3042","3","4","3","3","3","1802200017","1","4","990","(304101015,304201015)","(304201014)","(304102015,304202015)","(304202014)","(304103015,304203015)","(304203014)","(304104015,304204015)","(304204014)","(304105015,304205015)","(304205014)","(304106015,304206015)","(304206014)"
"3043","3043","4","1","3","3","2","1802200017","1","4","990","(401101014,401201014)","(401201015)","(401101014,401201014)","(401201015)","(401101014,401201014)","(401201015)","(401101014,401201014)","(401201015)","(401101014,401201014)","(401201015)","(401101014,401201014)","(401201015)"
"3044","3044","4","1","3","3","3","1802200017","1","4","990","(401101015,401201015)","(401201014)","(401101015,401201015)","(401201014)","(401101015,401201015)","(401201014)","(401101015,401201015)","(401201014)","(401101015,401201015)","(401201014)","(401101015,401201015)","(401201014)"
"3045","3045","4","2","3","3","2","1802200017","1","4","990","(402101014,402201014)","(402201015)","(402101014,402201014)","(402201015)","(402101014,402201014)","(402201015)","(402101014,402201014)","(402201015)","(402101014,402201014)","(402201015)","(402101014,402201014)","(402201015)"
"3046","3046","4","2","3","3","3","1802200017","1","4","990","(402101015,402201015)","(402201014)","(402101015,402201015)","(402201014)","(402101015,402201015)","(402201014)","(402101015,402201015)","(402201014)","(402101015,402201015)","(402201014)","(402101015,402201015)","(402201014)"
"3047","3047","4","3","3","3","2","1802200017","1","4","990","(403101014,403201014)","(403201015)","(403101014,403201014)","(403201015)","(403101014,403201014)","(403201015)","(403101014,403201014)","(403201015)","(403101014,403201014)","(403201015)","(403101014,403201014)","(403201015)"
"3048","3048","4","3","3","3","3","1802200017","1","4","990","(403101015,403201015)","(403201014)","(403101015,403201015)","(403201014)","(403101015,403201015)","(403201014)","(403101015,403201015)","(403201014)","(403101015,403201015)","(403201014)","(403101015,403201015)","(403201014)"
"3049","3049","2","0","3","4","2","1802200017","1","4","990","(200101016,200201016)","(200201017)","(200102016,200202016)","(200202017)","(200103016,200203016)","(200203017)","(200104016,200204016)","(200204017)","(200105016,200205016)","(200205017)","(200106016,200206016)","(200206017)"
"3050","3050","2","0","3","4","3","1802200017","1","4","990","(200101017,200201017)","(200201016)","(200102017,200202017)","(200202016)","(200103017,200203017)","(200203016)","(200104017,200204017)","(200204016)","(200105017,200205017)","(200205016)","(200106017,200206017)","(200206016)"
"3051","3051","3","1","3","4","2","1802200017","1","4","990","(301101016,301201016)","(301201017)","(301102016,301202016)","(301202017)","(301103016,301203016)","(301203017)","(301104016,301204016)","(301204017)","(301105016,301205016)","(301205017)","(301106016,301206016)","(301206017)"
"3052","3052","3","1","3","4","3","1802200017","1","4","990","(301101017,301201017)","(301201016)","(301102017,301202017)","(301202016)","(301103017,301203017)","(301203016)","(301104017,301204017)","(301204016)","(301105017,301205017)","(301205016)","(301106017,301206017)","(301206016)"
"3053","3053","3","2","3","4","2","1802200017","1","4","990","(302101016,302201016)","(302201017)","(302102016,302202016)","(302202017)","(302103016,302203016)","(302203017)","(302104016,302204016)","(302204017)","(302105016,302205016)","(302205017)","(302106016,302206016)","(302206017)"
"3054","3054","3","2","3","4","3","1802200017","1","4","990","(302101017,302201017)","(302201016)","(302102017,302202017)","(302202016)","(302103017,302203017)","(302203016)","(302104017,302204017)","(302204016)","(302105017,302205017)","(302205016)","(302106017,302206017)","(302206016)"
"3055","3055","3","3","3","4","2","1802200017","1","4","990","(303101016,303201016)","(303201017)","(303102016,303202016)","(303202017)","(303103016,303203016)","(303203017)","(303104016,303204016)","(303204017)","(303105016,303205016)","(303205017)","(303106016,303206016)","(303206017)"
"3056","3056","3","3","3","4","3","1802200017","1","4","990","(303101017,303201017)","(303201016)","(303102017,303202017)","(303202016)","(303103017,303203017)","(303203016)","(303104017,303204017)","(303204016)","(303105017,303205017)","(303205016)","(303106017,303206017)","(303206016)"
"3057","3057","3","4","3","4","2","1802200017","1","4","990","(304101016,304201016)","(304201017)","(304102016,304202016)","(304202017)","(304103016,304203016)","(304203017)","(304104016,304204016)","(304204017)","(304105016,304205016)","(304205017)","(304106016,304206016)","(304206017)"
"3058","3058","3","4","3","4","3","1802200017","1","4","990","(304101017,304201017)","(304201016)","(304102017,304202017)","(304202016)","(304103017,304203017)","(304203016)","(304104017,304204017)","(304204016)","(304105017,304205017)","(304205016)","(304106017,304206017)","(304206016)"
"3059","3059","4","1","3","4","2","1802200017","1","4","990","(401101016,401201016)","(401201017)","(401101016,401201016)","(401201017)","(401101016,401201016)","(401201017)","(401101016,401201016)","(401201017)","(401101016,401201016)","(401201017)","(401101016,401201016)","(401201017)"
"3060","3060","4","1","3","4","3","1802200017","1","4","990","(401101017,401201017)","(401201016)","(401101017,401201017)","(401201016)","(401101017,401201017)","(401201016)","(401101017,401201017)","(401201016)","(401101017,401201017)","(401201016)","(401101017,401201017)","(401201016)"
"3061","3061","4","2","3","4","2","1802200017","1","4","990","(402101016,402201016)","(402201017)","(402101016,402201016)","(402201017)","(402101016,402201016)","(402201017)","(402101016,402201016)","(402201017)","(402101016,402201016)","(402201017)","(402101016,402201016)","(402201017)"
"3062","3062","4","2","3","4","3","1802200017","1","4","990","(402101017,402201017)","(402201016)","(402101017,402201017)","(402201016)","(402101017,402201017)","(402201016)","(402101017,402201017)","(402201016)","(402101017,402201017)","(402201016)","(402101017,402201017)","(402201016)"
"3063","3063","4","3","3","4","2","1802200017","1","4","990","(403101016,403201016)","(403201017)","(403101016,403201016)","(403201017)","(403101016,403201016)","(403201017)","(403101016,403201016)","(403201017)","(403101016,403201016)","(403201017)","(403101016,403201016)","(403201017)"
"3064","3064","4","3","3","4","3","1802200017","1","4","990","(403101017,403201017)","(403201016)","(403101017,403201017)","(403201016)","(403101017,403201017)","(403201016)","(403101017,403201017)","(403201016)","(403101017,403201017)","(403201016)","(403101017,403201017)","(403201016)"
"3065","3065","20","1","3","1","2","1802200017","1","4","990","(201101008,201201008)","(201201009)","(201102008,201202008)","(201202009)","(201103008,201203008)","(201203009)","(201104008,201204008)","(201204009)","(201105008,201205008)","(201205009)","(201106008,201206008)","(201206009)"
"3066","3066","20","1","3","1","3","1802200017","1","4","990","(201101009,201201009)","(201201008)","(201102009,201202009)","(201202008)","(201103009,201203009)","(201203008)","(201104009,201204009)","(201204008)","(201105009,201205009)","(201205008)","(201106009,201206009)","(201206008)"
"3067","3067","20","1","3","2","2","1802200017","1","4","990","(201101010,201201010)","(201201011)","(201102010,201202010)","(201202011)","(201103010,201203010)","(201203011)","(201104010,201204010)","(201204011)","(201105010,201205010)","(201205011)","(201106010,201206010)","(201206011)"
"3068","3068","20","1","3","2","3","1802200017","1","4","990","(201101011,201201011)","(201201010)","(201102011,201202011)","(201202010)","(201103011,201203011)","(201203010)","(201104011,201204011)","(201204010)","(201105011,201205011)","(201205010)","(201106011,201206011)","(201206010)"
"3069","3069","20","1","3","3","2","1802200017","1","4","990","(201101012,201201012)","(201201013)","(201102012,201202012)","(201202013)","(201103012,201203012)","(201203013)","(201104012,201204012)","(201204013)","(201105012,201205012)","(201205013)","(201106012,201206012)","(201206013)"
"3070","3070","20","1","3","3","3","1802200017","1","4","990","(201101013,201201013)","(201201012)","(201102013,201202013)","(201202012)","(201103013,201203013)","(201203012)","(201104013,201204013)","(201204012)","(201105013,201205013)","(201205012)","(201106013,201206013)","(201206012)"
"3071","3071","20","1","3","4","2","1802200017","1","4","990","(201101014,201201014)","(201201015)","(201102014,201202014)","(201202015)","(201103014,201203014)","(201203015)","(201104014,201204014)","(201204015)","(201105014,201205014)","(201205015)","(201106014,201206014)","(201206015)"
"3072","3072","20","1","3","4","3","1802200017","1","4","990","(201101015,201201015)","(201201014)","(201102015,201202015)","(201202014)","(201103015,201203015)","(201203014)","(201104015,201204015)","(201204014)","(201105015,201205015)","(201205014)","(201106015,201206015)","(201206014)"
"3073","3073","4","4","3","1","2","1802200017","1","4","990","(404101008,404201008)","(404201009)","(404101008,404201008)","(404201009)","(404101008,404201008)","(404201009)","(404101008,404201008)","(404201009)","(404101008,404201008)","(404201009)","(404101008,404201008)","(404201009)"
"3074","3074","4","4","3","1","3","1802200017","1","4","990","(404101009,404201009)","(404201008)","(404101009,404201009)","(404201008)","(404101009,404201009)","(404201008)","(404101009,404201009)","(404201008)","(404101009,404201009)","(404201008)","(404101009,404201009)","(404201008)"
"3075","3075","4","4","3","2","2","1802200017","1","4","990","(404101010,404201010)","(404201011)","(404101010,404201010)","(404201011)","(404101010,404201010)","(404201011)","(404101010,404201010)","(404201011)","(404101010,404201010)","(404201011)","(404101010,404201010)","(404201011)"
"3076","3076","4","4","3","2","3","1802200017","1","4","990","(404101011,404201011)","(404201010)","(404101011,404201011)","(404201010)","(404101011,404201011)","(404201010)","(404101011,404201011)","(404201010)","(404101011,404201011)","(404201010)","(404101011,404201011)","(404201010)"
"3077","3077","4","4","3","3","2","1802200017","1","4","990","(404101012,404201012)","(404201013)","(404101012,404201012)","(404201013)","(404101012,404201012)","(404201013)","(404101012,404201012)","(404201013)","(404101012,404201012)","(404201013)","(404101012,404201012)","(404201013)"
"3078","3078","4","4","3","3","3","1802200017","1","4","990","(404101013,404201013)","(404201012)","(404101013,404201013)","(404201012)","(404101013,404201013)","(404201012)","(404101013,404201013)","(404201012)","(404101013,404201013)","(404201012)","(404101013,404201013)","(404201012)"
"3079","3079","4","4","3","4","2","1802200017","1","4","990","(404101014,404201014)","(404201015)","(404101014,404201014)","(404201015)","(404101014,404201014)","(404201015)","(404101014,404201014)","(404201015)","(404101014,404201014)","(404201015)","(404101014,404201014)","(404201015)"
"3080","3080","4","4","3","4","3","1802200017","1","4","990","(404101015,404201015)","(404201014)","(404101015,404201015)","(404201014)","(404101015,404201015)","(404201014)","(404101015,404201015)","(404201014)","(404101015,404201015)","(404201014)","(404101015,404201015)","(404201014)"
"4001","4001","2","0","4","1","2","1802200018","1","4","9900","(200101018,200201018)","(200201019)","(200102018,200202018)","(200202019)","(200103018,200203018)","(200203019)","(200104018,200204018)","(200204019)","(200105018,200205018)","(200205019)","(200106018,200206018)","(200206019)"
"4002","4002","2","0","4","1","3","1802200018","1","4","9900","(200101019,200201019)","(200201018)","(200102019,200202019)","(200202018)","(200103019,200203019)","(200203018)","(200104019,200204019)","(200204018)","(200105019,200205019)","(200205018)","(200106019,200206019)","(200206018)"
"4003","4003","3","1","4","1","2","1802200018","1","4","9900","(301101018,301201018)","(301201019)","(301102018,301202018)","(301202019)","(301103018,301203018)","(301203019)","(301104018,301204018)","(301204019)","(301105018,301205018)","(301205019)","(301106018,301206018)","(301206019)"
"4004","4004","3","1","4","1","3","1802200018","1","4","9900","(301101019,301201019)","(301201018)","(301102019,301202019)","(301202018)","(301103019,301203019)","(301203018)","(301104019,301204019)","(301204018)","(301105019,301205019)","(301205018)","(301106019,301206019)","(301206018)"
"4005","4005","3","2","4","1","2","1802200018","1","4","9900","(302101018,302201018)","(302201019)","(302102018,302202018)","(302202019)","(302103018,302203018)","(302203019)","(302104018,302204018)","(302204019)","(302105018,302205018)","(302205019)","(302106018,302206018)","(302206019)"
"4006","4006","3","2","4","1","3","1802200018","1","4","9900","(302101019,302201019)","(302201018)","(302102019,302202019)","(302202018)","(302103019,302203019)","(302203018)","(302104019,302204019)","(302204018)","(302105019,302205019)","(302205018)","(302106019,302206019)","(302206018)"
"4007","4007","3","3","4","1","2","1802200018","1","4","9900","(303101018,303201018)","(303201019)","(303102018,303202018)","(303202019)","(303103018,303203018)","(303203019)","(303104018,303204018)","(303204019)","(303105018,303205018)","(303205019)","(303106018,303206018)","(303206019)"
"4008","4008","3","3","4","1","3","1802200018","1","4","9900","(303101019,303201019)","(303201018)","(303102019,303202019)","(303202018)","(303103019,303203019)","(303203018)","(303104019,303204019)","(303204018)","(303105019,303205019)","(303205018)","(303106019,303206019)","(303206018)"
"4009","4009","3","4","4","1","2","1802200018","1","4","9900","(304101018,304201018)","(304201019)","(304102018,304202018)","(304202019)","(304103018,304203018)","(304203019)","(304104018,304204018)","(304204019)","(304105018,304205018)","(304205019)","(304106018,304206018)","(304206019)"
"4010","4010","3","4","4","1","3","1802200018","1","4","9900","(304101019,304201019)","(304201018)","(304102019,304202019)","(304202018)","(304103019,304203019)","(304203018)","(304104019,304204019)","(304204018)","(304105019,304205019)","(304205018)","(304106019,304206019)","(304206018)"
"4011","4011","4","1","4","1","2","1802200018","1","4","9900","(401101018,401201018)","(401201019)","(401101018,401201018)","(401201019)","(401101018,401201018)","(401201019)","(401101018,401201018)","(401201019)","(401101018,401201018)","(401201019)","(401101018,401201018)","(401201019)"
"4012","4012","4","1","4","1","3","1802200018","1","4","9900","(401101019,401201019)","(401201018)","(401101019,401201019)","(401201018)","(401101019,401201019)","(401201018)","(401101019,401201019)","(401201018)","(401101019,401201019)","(401201018)","(401101019,401201019)","(401201018)"
"4013","4013","4","2","4","1","2","1802200018","1","4","9900","(402101018,402201018)","(402201019)","(402101018,402201018)","(402201019)","(402101018,402201018)","(402201019)","(402101018,402201018)","(402201019)","(402101018,402201018)","(402201019)","(402101018,402201018)","(402201019)"
"4014","4014","4","2","4","1","3","1802200018","1","4","9900","(402101019,402201019)","(402201018)","(402101019,402201019)","(402201018)","(402101019,402201019)","(402201018)","(402101019,402201019)","(402201018)","(402101019,402201019)","(402201018)","(402101019,402201019)","(402201018)"
"4015","4015","4","3","4","1","2","1802200018","1","4","9900","(403101018,403201018)","(403201019)","(403101018,403201018)","(403201019)","(403101018,403201018)","(403201019)","(403101018,403201018)","(403201019)","(403101018,403201018)","(403201019)","(403101018,403201018)","(403201019)"
"4016","4016","4","3","4","1","3","1802200018","1","4","9900","(403101019,403201019)","(403201018)","(403101019,403201019)","(403201018)","(403101019,403201019)","(403201018)","(403101019,403201019)","(403201018)","(403101019,403201019)","(403201018)","(403101019,403201019)","(403201018)"
"4017","4017","2","0","4","2","2","1802200018","1","4","9900","(200101020,200201020)","(200201021)","(200102020,200202020)","(200202021)","(200103020,200203020)","(200203021)","(200104020,200204020)","(200204021)","(200105020,200205020)","(200205021)","(200106020,200206020)","(200206021)"
"4018","4018","2","0","4","2","3","1802200018","1","4","9900","(200101021,200201021)","(200201020)","(200102021,200202021)","(200202020)","(200103021,200203021)","(200203020)","(200104021,200204021)","(200204020)","(200105021,200205021)","(200205020)","(200106021,200206021)","(200206020)"
"4019","4019","3","1","4","2","2","1802200018","1","4","9900","(301101020,301201020)","(301201021)","(301102020,301202020)","(301202021)","(301103020,301203020)","(301203021)","(301104020,301204020)","(301204021)","(301105020,301205020)","(301205021)","(301106020,301206020)","(301206021)"
"4020","4020","3","1","4","2","3","1802200018","1","4","9900","(301101021,301201021)","(301201020)","(301102021,301202021)","(301202020)","(301103021,301203021)","(301203020)","(301104021,301204021)","(301204020)","(301105021,301205021)","(301205020)","(301106021,301206021)","(301206020)"
"4021","4021","3","2","4","2","2","1802200018","1","4","9900","(302101020,302201020)","(302201021)","(302102020,302202020)","(302202021)","(302103020,302203020)","(302203021)","(302104020,302204020)","(302204021)","(302105020,302205020)","(302205021)","(302106020,302206020)","(302206021)"
"4022","4022","3","2","4","2","3","1802200018","1","4","9900","(302101021,302201021)","(302201020)","(302102021,302202021)","(302202020)","(302103021,302203021)","(302203020)","(302104021,302204021)","(302204020)","(302105021,302205021)","(302205020)","(302106021,302206021)","(302206020)"
"4023","4023","3","3","4","2","2","1802200018","1","4","9900","(303101020,303201020)","(303201021)","(303102020,303202020)","(303202021)","(303103020,303203020)","(303203021)","(303104020,303204020)","(303204021)","(303105020,303205020)","(303205021)","(303106020,303206020)","(303206021)"
"4024","4024","3","3","4","2","3","1802200018","1","4","9900","(303101021,303201021)","(303201020)","(303102021,303202021)","(303202020)","(303103021,303203021)","(303203020)","(303104021,303204021)","(303204020)","(303105021,303205021)","(303205020)","(303106021,303206021)","(303206020)"
"4025","4025","3","4","4","2","2","1802200018","1","4","9900","(304101020,304201020)","(304201021)","(304102020,304202020)","(304202021)","(304103020,304203020)","(304203021)","(304104020,304204020)","(304204021)","(304105020,304205020)","(304205021)","(304106020,304206020)","(304206021)"
"4026","4026","3","4","4","2","3","1802200018","1","4","9900","(304101021,304201021)","(304201020)","(304102021,304202021)","(304202020)","(304103021,304203021)","(304203020)","(304104021,304204021)","(304204020)","(304105021,304205021)","(304205020)","(304106021,304206021)","(304206020)"
"4027","4027","4","1","4","2","2","1802200018","1","4","9900","(401101020,401201020)","(401201021)","(401101020,401201020)","(401201021)","(401101020,401201020)","(401201021)","(401101020,401201020)","(401201021)","(401101020,401201020)","(401201021)","(401101020,401201020)","(401201021)"
"4028","4028","4","1","4","2","3","1802200018","1","4","9900","(401101021,401201021)","(401201020)","(401101021,401201021)","(401201020)","(401101021,401201021)","(401201020)","(401101021,401201021)","(401201020)","(401101021,401201021)","(401201020)","(401101021,401201021)","(401201020)"
"4029","4029","4","2","4","2","2","1802200018","1","4","9900","(402101020,402201020)","(402201021)","(402101020,402201020)","(402201021)","(402101020,402201020)","(402201021)","(402101020,402201020)","(402201021)","(402101020,402201020)","(402201021)","(402101020,402201020)","(402201021)"
"4030","4030","4","2","4","2","3","1802200018","1","4","9900","(402101021,402201021)","(402201020)","(402101021,402201021)","(402201020)","(402101021,402201021)","(402201020)","(402101021,402201021)","(402201020)","(402101021,402201021)","(402201020)","(402101021,402201021)","(402201020)"
"4031","4031","4","3","4","2","2","1802200018","1","4","9900","(403101020,403201020)","(403201021)","(403101020,403201020)","(403201021)","(403101020,403201020)","(403201021)","(403101020,403201020)","(403201021)","(403101020,403201020)","(403201021)","(403101020,403201020)","(403201021)"
"4032","4032","4","3","4","2","3","1802200018","1","4","9900","(403101021,403201021)","(403201020)","(403101021,403201021)","(403201020)","(403101021,403201021)","(403201020)","(403101021,403201021)","(403201020)","(403101021,403201021)","(403201020)","(403101021,403201021)","(403201020)"
"4033","4033","2","0","4","3","2","1802200018","1","4","9900","(200101022,200201022)","(200201023)","(200102022,200202022)","(200202023)","(200103022,200203022)","(200203023)","(200104022,200204022)","(200204023)","(200105022,200205022)","(200205023)","(200106022,200206022)","(200206023)"
"4034","4034","2","0","4","3","3","1802200018","1","4","9900","(200101023,200201023)","(200201022)","(200102023,200202023)","(200202022)","(200103023,200203023)","(200203022)","(200104023,200204023)","(200204022)","(200105023,200205023)","(200205022)","(200106023,200206023)","(200206022)"
"4035","4035","3","1","4","3","2","1802200018","1","4","9900","(301101022,301201022)","(301201023)","(301102022,301202022)","(301202023)","(301103022,301203022)","(301203023)","(301104022,301204022)","(301204023)","(301105022,301205022)","(301205023)","(301106022,301206022)","(301206023)"
"4036","4036","3","1","4","3","3","1802200018","1","4","9900","(301101023,301201023)","(301201022)","(301102023,301202023)","(301202022)","(301103023,301203023)","(301203022)","(301104023,301204023)","(301204022)","(301105023,301205023)","(301205022)","(301106023,301206023)","(301206022)"
"4037","4037","3","2","4","3","2","1802200018","1","4","9900","(302101022,302201022)","(302201023)","(302102022,302202022)","(302202023)","(302103022,302203022)","(302203023)","(302104022,302204022)","(302204023)","(302105022,302205022)","(302205023)","(302106022,302206022)","(302206023)"
"4038","4038","3","2","4","3","3","1802200018","1","4","9900","(302101023,302201023)","(302201022)","(302102023,302202023)","(302202022)","(302103023,302203023)","(302203022)","(302104023,302204023)","(302204022)","(302105023,302205023)","(302205022)","(302106023,302206023)","(302206022)"
"4039","4039","3","3","4","3","2","1802200018","1","4","9900","(303101022,303201022)","(303201023)","(303102022,303202022)","(303202023)","(303103022,303203022)","(303203023)","(303104022,303204022)","(303204023)","(303105022,303205022)","(303205023)","(303106022,303206022)","(303206023)"
"4040","4040","3","3","4","3","3","1802200018","1","4","9900","(303101023,303201023)","(303201022)","(303102023,303202023)","(303202022)","(303103023,303203023)","(303203022)","(303104023,303204023)","(303204022)","(303105023,303205023)","(303205022)","(303106023,303206023)","(303206022)"
"4041","4041","3","4","4","3","2","1802200018","1","4","9900","(304101022,304201022)","(304201023)","(304102022,304202022)","(304202023)","(304103022,304203022)","(304203023)","(304104022,304204022)","(304204023)","(304105022,304205022)","(304205023)","(304106022,304206022)","(304206023)"
"4042","4042","3","4","4","3","3","1802200018","1","4","9900","(304101023,304201023)","(304201022)","(304102023,304202023)","(304202022)","(304103023,304203023)","(304203022)","(304104023,304204023)","(304204022)","(304105023,304205023)","(304205022)","(304106023,304206023)","(304206022)"
"4043","4043","4","1","4","3","2","1802200018","1","4","9900","(401101022,401201022)","(401201023)","(401101022,401201022)","(401201023)","(401101022,401201022)","(401201023)","(401101022,401201022)","(401201023)","(401101022,401201022)","(401201023)","(401101022,401201022)","(401201023)"
"4044","4044","4","1","4","3","3","1802200018","1","4","9900","(401101023,401201023)","(401201022)","(401101023,401201023)","(401201022)","(401101023,401201023)","(401201022)","(401101023,401201023)","(401201022)","(401101023,401201023)","(401201022)","(401101023,401201023)","(401201022)"
"4045","4045","4","2","4","3","2","1802200018","1","4","9900","(402101022,402201022)","(402201023)","(402101022,402201022)","(402201023)","(402101022,402201022)","(402201023)","(402101022,402201022)","(402201023)","(402101022,402201022)","(402201023)","(402101022,402201022)","(402201023)"
"4046","4046","4","2","4","3","3","1802200018","1","4","9900","(402101023,402201023)","(402201022)","(402101023,402201023)","(402201022)","(402101023,402201023)","(402201022)","(402101023,402201023)","(402201022)","(402101023,402201023)","(402201022)","(402101023,402201023)","(402201022)"
"4047","4047","4","3","4","3","2","1802200018","1","4","9900","(403101022,403201022)","(403201023)","(403101022,403201022)","(403201023)","(403101022,403201022)","(403201023)","(403101022,403201022)","(403201023)","(403101022,403201022)","(403201023)","(403101022,403201022)","(403201023)"
"4048","4048","4","3","4","3","3","1802200018","1","4","9900","(403101023,403201023)","(403201022)","(403101023,403201023)","(403201022)","(403101023,403201023)","(403201022)","(403101023,403201023)","(403201022)","(403101023,403201023)","(403201022)","(403101023,403201023)","(403201022)"
"4049","4049","2","0","4","4","2","1802200018","1","4","9900","(200101024,200201024)","(200201025)","(200102024,200202024)","(200202025)","(200103024,200203024)","(200203025)","(200104024,200204024)","(200204025)","(200105024,200205024)","(200205025)","(200106024,200206024)","(200206025)"
"4050","4050","2","0","4","4","3","1802200018","1","4","9900","(200101025,200201025)","(200201024)","(200102025,200202025)","(200202024)","(200103025,200203025)","(200203024)","(200104025,200204025)","(200204024)","(200105025,200205025)","(200205024)","(200106025,200206025)","(200206024)"
"4051","4051","3","1","4","4","2","1802200018","1","4","9900","(301101024,301201024)","(301201025)","(301102024,301202024)","(301202025)","(301103024,301203024)","(301203025)","(301104024,301204024)","(301204025)","(301105024,301205024)","(301205025)","(301106024,301206024)","(301206025)"
"4052","4052","3","1","4","4","3","1802200018","1","4","9900","(301101025,301201025)","(301201024)","(301102025,301202025)","(301202024)","(301103025,301203025)","(301203024)","(301104025,301204025)","(301204024)","(301105025,301205025)","(301205024)","(301106025,301206025)","(301206024)"
"4053","4053","3","2","4","4","2","1802200018","1","4","9900","(302101024,302201024)","(302201025)","(302102024,302202024)","(302202025)","(302103024,302203024)","(302203025)","(302104024,302204024)","(302204025)","(302105024,302205024)","(302205025)","(302106024,302206024)","(302206025)"
"4054","4054","3","2","4","4","3","1802200018","1","4","9900","(302101025,302201025)","(302201024)","(302102025,302202025)","(302202024)","(302103025,302203025)","(302203024)","(302104025,302204025)","(302204024)","(302105025,302205025)","(302205024)","(302106025,302206025)","(302206024)"
"4055","4055","3","3","4","4","2","1802200018","1","4","9900","(303101024,303201024)","(303201025)","(303102024,303202024)","(303202025)","(303103024,303203024)","(303203025)","(303104024,303204024)","(303204025)","(303105024,303205024)","(303205025)","(303106024,303206024)","(303206025)"
"4056","4056","3","3","4","4","3","1802200018","1","4","9900","(303101025,303201025)","(303201024)","(303102025,303202025)","(303202024)","(303103025,303203025)","(303203024)","(303104025,303204025)","(303204024)","(303105025,303205025)","(303205024)","(303106025,303206025)","(303206024)"
"4057","4057","3","4","4","4","2","1802200018","1","4","9900","(304101024,304201024)","(304201025)","(304102024,304202024)","(304202025)","(304103024,304203024)","(304203025)","(304104024,304204024)","(304204025)","(304105024,304205024)","(304205025)","(304106024,304206024)","(304206025)"
"4058","4058","3","4","4","4","3","1802200018","1","4","9900","(304101025,304201025)","(304201024)","(304102025,304202025)","(304202024)","(304103025,304203025)","(304203024)","(304104025,304204025)","(304204024)","(304105025,304205025)","(304205024)","(304106025,304206025)","(304206024)"
"4059","4059","4","1","4","4","2","1802200018","1","4","9900","(401101024,401201024)","(401201025)","(401101024,401201024)","(401201025)","(401101024,401201024)","(401201025)","(401101024,401201024)","(401201025)","(401101024,401201024)","(401201025)","(401101024,401201024)","(401201025)"
"4060","4060","4","1","4","4","3","1802200018","1","4","9900","(401101025,401201025)","(401201024)","(401101025,401201025)","(401201024)","(401101025,401201025)","(401201024)","(401101025,401201025)","(401201024)","(401101025,401201025)","(401201024)","(401101025,401201025)","(401201024)"
"4061","4061","4","2","4","4","2","1802200018","1","4","9900","(402101024,402201024)","(402201025)","(402101024,402201024)","(402201025)","(402101024,402201024)","(402201025)","(402101024,402201024)","(402201025)","(402101024,402201024)","(402201025)","(402101024,402201024)","(402201025)"
"4062","4062","4","2","4","4","3","1802200018","1","4","9900","(402101025,402201025)","(402201024)","(402101025,402201025)","(402201024)","(402101025,402201025)","(402201024)","(402101025,402201025)","(402201024)","(402101025,402201025)","(402201024)","(402101025,402201025)","(402201024)"
"4063","4063","4","3","4","4","2","1802200018","1","4","9900","(403101024,403201024)","(403201025)","(403101024,403201024)","(403201025)","(403101024,403201024)","(403201025)","(403101024,403201024)","(403201025)","(403101024,403201024)","(403201025)","(403101024,403201024)","(403201025)"
"4064","4064","4","3","4","4","3","1802200018","1","4","9900","(403101025,403201025)","(403201024)","(403101025,403201025)","(403201024)","(403101025,403201025)","(403201024)","(403101025,403201025)","(403201024)","(403101025,403201025)","(403201024)","(403101025,403201025)","(403201024)"
"4065","4065","20","1","4","1","2","1802200018","1","4","9900","(201101016,201201016)","(201201017)","(201102016,201202016)","(201202017)","(201103016,201203016)","(201203017)","(201104016,201204016)","(201204017)","(201105016,201205016)","(201205017)","(201106016,201206016)","(201206017)"
"4066","4066","20","1","4","1","3","1802200018","1","4","9900","(201101017,201201017)","(201201016)","(201102017,201202017)","(201202016)","(201103017,201203017)","(201203016)","(201104017,201204017)","(201204016)","(201105017,201205017)","(201205016)","(201106017,201206017)","(201206016)"
"4067","4067","20","1","4","2","2","1802200018","1","4","9900","(201101018,201201018)","(201201019)","(201102018,201202018)","(201202019)","(201103018,201203018)","(201203019)","(201104018,201204018)","(201204019)","(201105018,201205018)","(201205019)","(201106018,201206018)","(201206019)"
"4068","4068","20","1","4","2","3","1802200018","1","4","9900","(201101019,201201019)","(201201018)","(201102019,201202019)","(201202018)","(201103019,201203019)","(201203018)","(201104019,201204019)","(201204018)","(201105019,201205019)","(201205018)","(201106019,201206019)","(201206018)"
"4069","4069","20","1","4","3","2","1802200018","1","4","9900","(201101020,201201020)","(201201021)","(201102020,201202020)","(201202021)","(201103020,201203020)","(201203021)","(201104020,201204020)","(201204021)","(201105020,201205020)","(201205021)","(201106020,201206020)","(201206021)"
"4070","4070","20","1","4","3","3","1802200018","1","4","9900","(201101021,201201021)","(201201020)","(201102021,201202021)","(201202020)","(201103021,201203021)","(201203020)","(201104021,201204021)","(201204020)","(201105021,201205021)","(201205020)","(201106021,201206021)","(201206020)"
"4071","4071","20","1","4","4","2","1802200018","1","4","9900","(201101022,201201022)","(201201023)","(201102022,201202022)","(201202023)","(201103022,201203022)","(201203023)","(201104022,201204022)","(201204023)","(201105022,201205022)","(201205023)","(201106022,201206022)","(201206023)"
"4072","4072","20","1","4","4","3","1802200018","1","4","9900","(201101023,201201023)","(201201022)","(201102023,201202023)","(201202022)","(201103023,201203023)","(201203022)","(201104023,201204023)","(201204022)","(201105023,201205023)","(201205022)","(201106023,201206023)","(201206022)"
"4073","4073","4","4","4","1","2","1802200018","1","4","9900","(404101016,404201016)","(404201017)","(404101016,404201016)","(404201017)","(404101016,404201016)","(404201017)","(404101016,404201016)","(404201017)","(404101016,404201016)","(404201017)","(404101016,404201016)","(404201017)"
"4074","4074","4","4","4","1","3","1802200018","1","4","9900","(404101017,404201017)","(404201016)","(404101017,404201017)","(404201016)","(404101017,404201017)","(404201016)","(404101017,404201017)","(404201016)","(404101017,404201017)","(404201016)","(404101017,404201017)","(404201016)"
"4075","4075","4","4","4","2","2","1802200018","1","4","9900","(404101018,404201018)","(404201019)","(404101018,404201018)","(404201019)","(404101018,404201018)","(404201019)","(404101018,404201018)","(404201019)","(404101018,404201018)","(404201019)","(404101018,404201018)","(404201019)"
"4076","4076","4","4","4","2","3","1802200018","1","4","9900","(404101019,404201019)","(404201018)","(404101019,404201019)","(404201018)","(404101019,404201019)","(404201018)","(404101019,404201019)","(404201018)","(404101019,404201019)","(404201018)","(404101019,404201019)","(404201018)"
"4077","4077","4","4","4","3","2","1802200018","1","4","9900","(404101020,404201020)","(404201021)","(404101020,404201020)","(404201021)","(404101020,404201020)","(404201021)","(404101020,404201020)","(404201021)","(404101020,404201020)","(404201021)","(404101020,404201020)","(404201021)"
"4078","4078","4","4","4","3","3","1802200018","1","4","9900","(404101021,404201021)","(404201020)","(404101021,404201021)","(404201020)","(404101021,404201021)","(404201020)","(404101021,404201021)","(404201020)","(404101021,404201021)","(404201020)","(404101021,404201021)","(404201020)"
"4079","4079","4","4","4","4","2","1802200018","1","4","9900","(404101022,404201022)","(404201023)","(404101022,404201022)","(404201023)","(404101022,404201022)","(404201023)","(404101022,404201022)","(404201023)","(404101022,404201022)","(404201023)","(404101022,404201022)","(404201023)"
"4080","4080","4","4","4","4","3","1802200018","1","4","9900","(404101023,404201023)","(404201022)","(404101023,404201023)","(404201022)","(404101023,404201023)","(404201022)","(404101023,404201023)","(404201022)","(404101023,404201023)","(404201022)","(404101023,404201023)","(404201022)"
