"Name","TranceID","TranceStep","ItemUseID","TranceType","StatusID","StatusValue","PassiveLv"
"1","1","1","1702000063","1","93","157","0"
"2","2","2","1702000063","1","93","315","0"
"3","3","3","1702000063","1","93","472","0"
"4","4","4","1702000063","1","93","630","0"
"5","5","5","1702000063","1","93","787","0"
"6","6","6","1702000063","1","93","945","0"
"7","7","7","1702000063","1","93","1102","0"
"8","8","1","1702000064","1","91","157","0"
"9","9","2","1702000064","1","91","315","0"
"10","10","3","1702000064","1","91","472","0"
"11","11","4","1702000064","1","91","630","0"
"12","12","5","1702000064","1","91","787","0"
"13","13","6","1702000064","1","91","945","0"
"14","14","7","1702000064","1","91","1102","0"
"15","15","1","1702000065","1","82","105","0"
"16","16","2","1702000065","1","82","210","0"
"17","17","3","1702000065","1","82","315","0"
"18","18","4","1702000065","1","82","420","0"
"19","19","5","1702000065","1","82","525","0"
"20","20","6","1702000065","1","82","630","0"
"21","21","7","1702000065","1","82","735","0"
"22","22","1","1702000066","1","84","157","0"
"23","23","2","1702000066","1","84","315","0"
"24","24","3","1702000066","1","84","472","0"
"25","25","4","1702000066","1","84","630","0"
"26","26","5","1702000066","1","84","787","0"
"27","27","6","1702000066","1","84","945","0"
"28","28","7","1702000066","1","84","1102","0"
"29","29","1","1702000067","1","88","157","0"
"30","30","2","1702000067","1","88","315","0"
"31","31","3","1702000067","1","88","472","0"
"32","32","4","1702000067","1","88","630","0"
"33","33","5","1702000067","1","88","787","0"
"34","34","6","1702000067","1","88","945","0"
"35","35","7","1702000067","1","88","1102","0"
"36","36","1","1702000068","1","89","78","0"
"37","37","2","1702000068","1","89","156","0"
"38","38","3","1702000068","1","89","234","0"
"39","39","4","1702000068","1","89","312","0"
"40","40","5","1702000068","1","89","390","0"
"41","41","6","1702000068","1","89","468","0"
"42","42","7","1702000068","1","89","546","0"
"43","43","1","1702000069","1","146","6","0"
"44","44","2","1702000069","1","146","12","0"
"45","45","3","1702000069","1","146","18","0"
"46","46","4","1702000069","1","146","25","0"
"47","47","5","1702000069","1","146","31","0"
"48","48","6","1702000069","1","146","37","0"
"49","49","7","1702000069","1","146","44","0"
"50","50","1","1702000070","1","147","2","0"
"51","51","2","1702000070","1","147","5","0"
"52","52","3","1702000070","1","147","7","0"
"53","53","4","1702000070","1","147","10","0"
"54","54","5","1702000070","1","147","12","0"
"55","55","6","1702000070","1","147","15","0"
"56","56","7","1702000070","1","147","17","0"
"57","57","1","1702000071","1","148","7","0"
"58","58","2","1702000071","1","148","15","0"
"59","59","3","1702000071","1","148","23","0"
"60","60","4","1702000071","1","148","31","0"
"61","61","5","1702000071","1","148","39","0"
"62","62","6","1702000071","1","148","46","0"
"63","63","7","1702000071","1","148","54","0"
"64","64","1","1702000072","1","1","175","0"
"65","65","2","1702000072","1","1","351","0"
"66","66","3","1702000072","1","1","527","0"
"67","67","4","1702000072","1","1","703","0"
"68","68","5","1702000072","1","1","879","0"
"69","69","6","1702000072","1","1","1054","0"
"70","70","7","1702000072","1","1","1230","0"
"71","71","1","1702000073","1","6","42","0"
"72","72","2","1702000073","1","6","84","0"
"73","73","3","1702000073","1","6","126","0"
"74","74","4","1702000073","1","6","168","0"
"75","75","5","1702000073","1","6","210","0"
"76","76","6","1702000073","1","6","252","0"
"77","77","7","1702000073","1","6","294","0"
"78","78","1","1702000074","1","38","3","0"
"79","79","2","1702000074","1","38","6","0"
"80","80","3","1702000074","1","38","9","0"
"81","81","4","1702000074","1","38","12","0"
"82","82","5","1702000074","1","38","15","0"
"83","83","6","1702000074","1","38","18","0"
"84","84","7","1702000074","1","38","22","0"
"85","85","1","1702000075","1","39","3","0"
"86","86","2","1702000075","1","39","6","0"
"87","87","3","1702000075","1","39","9","0"
"88","88","4","1702000075","1","39","12","0"
"89","89","5","1702000075","1","39","15","0"
"90","90","6","1702000075","1","39","18","0"
"91","91","7","1702000075","1","39","22","0"
"92","92","1","1702000076","1","40","5","0"
"93","93","2","1702000076","1","40","10","0"
"94","94","3","1702000076","1","40","15","0"
"95","95","4","1702000076","1","40","21","0"
"96","96","5","1702000076","1","40","26","0"
"97","97","6","1702000076","1","40","31","0"
"98","98","7","1702000076","1","40","36","0"
"99","99","1","1702000077","1","42","5","0"
"100","100","2","1702000077","1","42","10","0"
"101","101","3","1702000077","1","42","15","0"
"102","102","4","1702000077","1","42","21","0"
"103","103","5","1702000077","1","42","26","0"
"104","104","6","1702000077","1","42","31","0"
"105","105","7","1702000077","1","42","36","0"
"106","106","1","1702000078","1","41","5","0"
"107","107","2","1702000078","1","41","10","0"
"108","108","3","1702000078","1","41","15","0"
"109","109","4","1702000078","1","41","21","0"
"110","110","5","1702000078","1","41","26","0"
"111","111","6","1702000078","1","41","31","0"
"112","112","7","1702000078","1","41","36","0"
"113","113","1","1702000079","1","32","9","0"
"114","114","2","1702000079","1","32","18","0"
"115","115","3","1702000079","1","32","28","0"
"116","116","4","1702000079","1","32","37","0"
"117","117","5","1702000079","1","32","47","0"
"118","118","6","1702000079","1","32","56","0"
"119","119","7","1702000079","1","32","66","0"
"120","120","1","1702000080","1","33","9","0"
"121","121","2","1702000080","1","33","18","0"
"122","122","3","1702000080","1","33","28","0"
"123","123","4","1702000080","1","33","37","0"
"124","124","5","1702000080","1","33","47","0"
"125","125","6","1702000080","1","33","56","0"
"126","126","7","1702000080","1","33","66","0"
"127","127","1","1702000081","1","48","10","0"
"128","128","2","1702000081","1","48","21","0"
"129","129","3","1702000081","1","48","31","0"
"130","130","4","1702000081","1","48","42","0"
"131","131","5","1702000081","1","48","52","0"
"132","132","6","1702000081","1","48","63","0"
"133","133","7","1702000081","1","48","73","0"
"134","134","1","1702000082","1","49","10","0"
"135","135","2","1702000082","1","49","21","0"
"136","136","3","1702000082","1","49","31","0"
"137","137","4","1702000082","1","49","42","0"
"138","138","5","1702000082","1","49","52","0"
"139","139","6","1702000082","1","49","63","0"
"140","140","7","1702000082","1","49","73","0"
"141","141","1","1702000083","1","50","10","0"
"142","142","2","1702000083","1","50","21","0"
"143","143","3","1702000083","1","50","31","0"
"144","144","4","1702000083","1","50","42","0"
"145","145","5","1702000083","1","50","52","0"
"146","146","6","1702000083","1","50","63","0"
"147","147","7","1702000083","1","50","73","0"
"148","148","1","1702000084","1","51","10","0"
"149","149","2","1702000084","1","51","21","0"
"150","150","3","1702000084","1","51","31","0"
"151","151","4","1702000084","1","51","42","0"
"152","152","5","1702000084","1","51","52","0"
"153","153","6","1702000084","1","51","63","0"
"154","154","7","1702000084","1","51","73","0"
"155","155","1","1702000085","1","52","10","0"
"156","156","2","1702000085","1","52","21","0"
"157","157","3","1702000085","1","52","31","0"
"158","158","4","1702000085","1","52","42","0"
"159","159","5","1702000085","1","52","52","0"
"160","160","6","1702000085","1","52","63","0"
"161","161","7","1702000085","1","52","73","0"
"162","162","1","1702000086","1","53","10","0"
"163","163","2","1702000086","1","53","21","0"
"164","164","3","1702000086","1","53","31","0"
"165","165","4","1702000086","1","53","42","0"
"166","166","5","1702000086","1","53","52","0"
"167","167","6","1702000086","1","53","63","0"
"168","168","7","1702000086","1","53","73","0"
"169","169","1","1702000087","1","119","10","0"
"170","170","2","1702000087","1","119","21","0"
"171","171","3","1702000087","1","119","31","0"
"172","172","4","1702000087","1","119","42","0"
"173","173","5","1702000087","1","119","52","0"
"174","174","6","1702000087","1","119","63","0"
"175","175","7","1702000087","1","119","73","0"
"176","176","1","1702000088","1","120","10","0"
"177","177","2","1702000088","1","120","21","0"
"178","178","3","1702000088","1","120","31","0"
"179","179","4","1702000088","1","120","42","0"
"180","180","5","1702000088","1","120","52","0"
"181","181","6","1702000088","1","120","63","0"
"182","182","7","1702000088","1","120","73","0"
"183","183","1","1702000127","1","43","5","0"
"184","184","2","1702000127","1","43","10","0"
"185","185","3","1702000127","1","43","15","0"
"186","186","4","1702000127","1","43","21","0"
"187","187","5","1702000127","1","43","26","0"
"188","188","6","1702000127","1","43","31","0"
"189","189","7","1702000127","1","43","36","0"
"190","190","1","1702000153","1","34","10","0"
"191","191","2","1702000153","1","34","21","0"
"192","192","3","1702000153","1","34","31","0"
"193","193","4","1702000153","1","34","42","0"
"194","194","5","1702000153","1","34","52","0"
"195","195","6","1702000153","1","34","63","0"
"196","196","7","1702000153","1","34","73","0"
"197","197","1","1702000154","1","35","10","0"
"198","198","2","1702000154","1","35","21","0"
"199","199","3","1702000154","1","35","31","0"
"200","200","4","1702000154","1","35","42","0"
"201","201","5","1702000154","1","35","52","0"
"202","202","6","1702000154","1","35","63","0"
"203","203","7","1702000154","1","35","73","0"
"204","204","1","1702000160","1","36","5","0"
"205","205","2","1702000160","1","36","10","0"
"206","206","3","1702000160","1","36","15","0"
"207","207","4","1702000160","1","36","21","0"
"208","208","5","1702000160","1","36","26","0"
"209","209","6","1702000160","1","36","31","0"
"210","210","7","1702000160","1","36","36","0"
"211","211","1","1702000094","1","93","225","0"
"212","212","2","1702000094","1","93","450","0"
"213","213","3","1702000094","1","93","675","0"
"214","214","4","1702000094","1","93","900","0"
"215","215","5","1702000094","1","93","1125","0"
"216","216","6","1702000094","1","93","1350","0"
"217","217","7","1702000094","1","93","1575","0"
"218","218","1","1702000095","1","91","225","0"
"219","219","2","1702000095","1","91","450","0"
"220","220","3","1702000095","1","91","675","0"
"221","221","4","1702000095","1","91","900","0"
"222","222","5","1702000095","1","91","1125","0"
"223","223","6","1702000095","1","91","1350","0"
"224","224","7","1702000095","1","91","1575","0"
"225","225","1","1702000096","1","82","150","0"
"226","226","2","1702000096","1","82","300","0"
"227","227","3","1702000096","1","82","450","0"
"228","228","4","1702000096","1","82","600","0"
"229","229","5","1702000096","1","82","750","0"
"230","230","6","1702000096","1","82","900","0"
"231","231","7","1702000096","1","82","1050","0"
"232","232","1","1702000097","1","84","225","0"
"233","233","2","1702000097","1","84","450","0"
"234","234","3","1702000097","1","84","675","0"
"235","235","4","1702000097","1","84","900","0"
"236","236","5","1702000097","1","84","1125","0"
"237","237","6","1702000097","1","84","1350","0"
"238","238","7","1702000097","1","84","1575","0"
"239","239","1","1702000098","1","88","225","0"
"240","240","2","1702000098","1","88","450","0"
"241","241","3","1702000098","1","88","675","0"
"242","242","4","1702000098","1","88","900","0"
"243","243","5","1702000098","1","88","1125","0"
"244","244","6","1702000098","1","88","1350","0"
"245","245","7","1702000098","1","88","1575","0"
"246","246","1","1702000099","1","89","112","0"
"247","247","2","1702000099","1","89","225","0"
"248","248","3","1702000099","1","89","337","0"
"249","249","4","1702000099","1","89","450","0"
"250","250","5","1702000099","1","89","562","0"
"251","251","6","1702000099","1","89","675","0"
"252","252","7","1702000099","1","89","787","0"
"253","253","1","1702000100","1","146","9","0"
"254","254","2","1702000100","1","146","18","0"
"255","255","3","1702000100","1","146","27","0"
"256","256","4","1702000100","1","146","36","0"
"257","257","5","1702000100","1","146","45","0"
"258","258","6","1702000100","1","146","54","0"
"259","259","7","1702000100","1","146","63","0"
"260","260","1","1702000101","1","147","3","0"
"261","261","2","1702000101","1","147","7","0"
"262","262","3","1702000101","1","147","11","0"
"263","263","4","1702000101","1","147","15","0"
"264","264","5","1702000101","1","147","18","0"
"265","265","6","1702000101","1","147","22","0"
"266","266","7","1702000101","1","147","26","0"
"267","267","1","1702000102","1","148","11","0"
"268","268","2","1702000102","1","148","22","0"
"269","269","3","1702000102","1","148","33","0"
"270","270","4","1702000102","1","148","45","0"
"271","271","5","1702000102","1","148","56","0"
"272","272","6","1702000102","1","148","67","0"
"273","273","7","1702000102","1","148","78","0"
"274","274","1","1702000103","1","1","251","0"
"275","275","2","1702000103","1","1","502","0"
"276","276","3","1702000103","1","1","753","0"
"277","277","4","1702000103","1","1","1005","0"
"278","278","5","1702000103","1","1","1256","0"
"279","279","6","1702000103","1","1","1507","0"
"280","280","7","1702000103","1","1","1758","0"
"281","281","1","1702000104","1","6","60","0"
"282","282","2","1702000104","1","6","120","0"
"283","283","3","1702000104","1","6","180","0"
"284","284","4","1702000104","1","6","240","0"
"285","285","5","1702000104","1","6","300","0"
"286","286","6","1702000104","1","6","360","0"
"287","287","7","1702000104","1","6","420","0"
"288","288","1","1702000105","1","38","4","0"
"289","289","2","1702000105","1","38","9","0"
"290","290","3","1702000105","1","38","13","0"
"291","291","4","1702000105","1","38","18","0"
"292","292","5","1702000105","1","38","22","0"
"293","293","6","1702000105","1","38","27","0"
"294","294","7","1702000105","1","38","31","0"
"295","295","1","1702000106","1","39","4","0"
"296","296","2","1702000106","1","39","9","0"
"297","297","3","1702000106","1","39","13","0"
"298","298","4","1702000106","1","39","18","0"
"299","299","5","1702000106","1","39","22","0"
"300","300","6","1702000106","1","39","27","0"
"301","301","7","1702000106","1","39","31","0"
"302","302","1","1702000107","1","40","7","0"
"303","303","2","1702000107","1","40","15","0"
"304","304","3","1702000107","1","40","22","0"
"305","305","4","1702000107","1","40","30","0"
"306","306","5","1702000107","1","40","37","0"
"307","307","6","1702000107","1","40","45","0"
"308","308","7","1702000107","1","40","52","0"
"309","309","1","1702000108","1","42","7","0"
"310","310","2","1702000108","1","42","15","0"
"311","311","3","1702000108","1","42","22","0"
"312","312","4","1702000108","1","42","30","0"
"313","313","5","1702000108","1","42","37","0"
"314","314","6","1702000108","1","42","45","0"
"315","315","7","1702000108","1","42","52","0"
"316","316","1","1702000109","1","41","7","0"
"317","317","2","1702000109","1","41","15","0"
"318","318","3","1702000109","1","41","22","0"
"319","319","4","1702000109","1","41","30","0"
"320","320","5","1702000109","1","41","37","0"
"321","321","6","1702000109","1","41","45","0"
"322","322","7","1702000109","1","41","52","0"
"323","323","1","1702000110","1","32","13","0"
"324","324","2","1702000110","1","32","27","0"
"325","325","3","1702000110","1","32","40","0"
"326","326","4","1702000110","1","32","54","0"
"327","327","5","1702000110","1","32","67","0"
"328","328","6","1702000110","1","32","81","0"
"329","329","7","1702000110","1","32","94","0"
"330","330","1","1702000111","1","33","13","0"
"331","331","2","1702000111","1","33","27","0"
"332","332","3","1702000111","1","33","40","0"
"333","333","4","1702000111","1","33","54","0"
"334","334","5","1702000111","1","33","67","0"
"335","335","6","1702000111","1","33","81","0"
"336","336","7","1702000111","1","33","94","0"
"337","337","1","1702000112","1","48","15","0"
"338","338","2","1702000112","1","48","30","0"
"339","339","3","1702000112","1","48","45","0"
"340","340","4","1702000112","1","48","60","0"
"341","341","5","1702000112","1","48","75","0"
"342","342","6","1702000112","1","48","90","0"
"343","343","7","1702000112","1","48","105","0"
"344","344","1","1702000113","1","49","15","0"
"345","345","2","1702000113","1","49","30","0"
"346","346","3","1702000113","1","49","45","0"
"347","347","4","1702000113","1","49","60","0"
"348","348","5","1702000113","1","49","75","0"
"349","349","6","1702000113","1","49","90","0"
"350","350","7","1702000113","1","49","105","0"
"351","351","1","1702000114","1","50","15","0"
"352","352","2","1702000114","1","50","30","0"
"353","353","3","1702000114","1","50","45","0"
"354","354","4","1702000114","1","50","60","0"
"355","355","5","1702000114","1","50","75","0"
"356","356","6","1702000114","1","50","90","0"
"357","357","7","1702000114","1","50","105","0"
"358","358","1","1702000115","1","51","15","0"
"359","359","2","1702000115","1","51","30","0"
"360","360","3","1702000115","1","51","45","0"
"361","361","4","1702000115","1","51","60","0"
"362","362","5","1702000115","1","51","75","0"
"363","363","6","1702000115","1","51","90","0"
"364","364","7","1702000115","1","51","105","0"
"365","365","1","1702000116","1","52","15","0"
"366","366","2","1702000116","1","52","30","0"
"367","367","3","1702000116","1","52","45","0"
"368","368","4","1702000116","1","52","60","0"
"369","369","5","1702000116","1","52","75","0"
"370","370","6","1702000116","1","52","90","0"
"371","371","7","1702000116","1","52","105","0"
"372","372","1","1702000117","1","53","15","0"
"373","373","2","1702000117","1","53","30","0"
"374","374","3","1702000117","1","53","45","0"
"375","375","4","1702000117","1","53","60","0"
"376","376","5","1702000117","1","53","75","0"
"377","377","6","1702000117","1","53","90","0"
"378","378","7","1702000117","1","53","105","0"
"379","379","1","1702000118","1","119","15","0"
"380","380","2","1702000118","1","119","30","0"
"381","381","3","1702000118","1","119","45","0"
"382","382","4","1702000118","1","119","60","0"
"383","383","5","1702000118","1","119","75","0"
"384","384","6","1702000118","1","119","90","0"
"385","385","7","1702000118","1","119","105","0"
"386","386","1","1702000119","1","120","15","0"
"387","387","2","1702000119","1","120","30","0"
"388","388","3","1702000119","1","120","45","0"
"389","389","4","1702000119","1","120","60","0"
"390","390","5","1702000119","1","120","75","0"
"391","391","6","1702000119","1","120","90","0"
"392","392","7","1702000119","1","120","105","0"
"393","393","1","1702000128","1","43","7","0"
"394","394","2","1702000128","1","43","15","0"
"395","395","3","1702000128","1","43","22","0"
"396","396","4","1702000128","1","43","30","0"
"397","397","5","1702000128","1","43","37","0"
"398","398","6","1702000128","1","43","45","0"
"399","399","7","1702000128","1","43","52","0"
"400","400","1","1702000155","1","34","15","0"
"401","401","2","1702000155","1","34","30","0"
"402","402","3","1702000155","1","34","45","0"
"403","403","4","1702000155","1","34","60","0"
"404","404","5","1702000155","1","34","75","0"
"405","405","6","1702000155","1","34","90","0"
"406","406","7","1702000155","1","34","105","0"
"407","407","1","1702000156","1","35","15","0"
"408","408","2","1702000156","1","35","30","0"
"409","409","3","1702000156","1","35","45","0"
"410","410","4","1702000156","1","35","60","0"
"411","411","5","1702000156","1","35","75","0"
"412","412","6","1702000156","1","35","90","0"
"413","413","7","1702000156","1","35","105","0"
"414","414","1","1702000161","1","36","7","0"
"415","415","2","1702000161","1","36","15","0"
"416","416","3","1702000161","1","36","22","0"
"417","417","4","1702000161","1","36","30","0"
"418","418","5","1702000161","1","36","37","0"
"419","419","6","1702000161","1","36","45","0"
"420","420","7","1702000161","1","36","52","0"
"421","421","1","1702000089","2","0","0","5"
"422","422","2","1702000089","2","0","0","10"
"423","423","3","1702000089","2","0","0","15"
"424","424","4","1702000089","2","0","0","20"
"425","425","5","1702000089","2","0","0","25"
"426","426","6","1702000089","2","0","0","30"
"427","427","7","1702000089","2","0","0","35"
"428","428","1","1702000090","2","0","0","5"
"429","429","2","1702000090","2","0","0","10"
"430","430","3","1702000090","2","0","0","15"
"431","431","4","1702000090","2","0","0","20"
"432","432","5","1702000090","2","0","0","25"
"433","433","6","1702000090","2","0","0","30"
"434","434","7","1702000090","2","0","0","35"
"435","435","1","1702000091","2","0","0","5"
"436","436","2","1702000091","2","0","0","10"
"437","437","3","1702000091","2","0","0","15"
"438","438","4","1702000091","2","0","0","20"
"439","439","5","1702000091","2","0","0","25"
"440","440","6","1702000091","2","0","0","30"
"441","441","7","1702000091","2","0","0","35"
"442","442","1","1702000092","2","0","0","5"
"443","443","2","1702000092","2","0","0","10"
"444","444","3","1702000092","2","0","0","15"
"445","445","4","1702000092","2","0","0","20"
"446","446","5","1702000092","2","0","0","25"
"447","447","6","1702000092","2","0","0","30"
"448","448","7","1702000092","2","0","0","35"
"449","449","1","1702000093","2","0","0","5"
"450","450","2","1702000093","2","0","0","10"
"451","451","3","1702000093","2","0","0","15"
"452","452","4","1702000093","2","0","0","20"
"453","453","5","1702000093","2","0","0","25"
"454","454","6","1702000093","2","0","0","30"
"455","455","7","1702000093","2","0","0","35"
"456","456","1","1702000129","2","0","0","5"
"457","457","2","1702000129","2","0","0","10"
"458","458","3","1702000129","2","0","0","15"
"459","459","4","1702000129","2","0","0","20"
"460","460","5","1702000129","2","0","0","25"
"461","461","6","1702000129","2","0","0","30"
"462","462","7","1702000129","2","0","0","35"
"463","463","1","1702000137","2","0","0","5"
"464","464","2","1702000137","2","0","0","10"
"465","465","3","1702000137","2","0","0","15"
"466","466","4","1702000137","2","0","0","20"
"467","467","5","1702000137","2","0","0","25"
"468","468","6","1702000137","2","0","0","30"
"469","469","7","1702000137","2","0","0","35"
"470","470","1","1702000139","2","0","0","5"
"471","471","2","1702000139","2","0","0","10"
"472","472","3","1702000139","2","0","0","15"
"473","473","4","1702000139","2","0","0","20"
"474","474","5","1702000139","2","0","0","25"
"475","475","6","1702000139","2","0","0","30"
"476","476","7","1702000139","2","0","0","35"
"477","477","1","1702000141","2","0","0","5"
"478","478","2","1702000141","2","0","0","10"
"479","479","3","1702000141","2","0","0","15"
"480","480","4","1702000141","2","0","0","20"
"481","481","5","1702000141","2","0","0","25"
"482","482","6","1702000141","2","0","0","30"
"483","483","7","1702000141","2","0","0","35"
"484","484","1","1702000143","2","0","0","5"
"485","485","2","1702000143","2","0","0","10"
"486","486","3","1702000143","2","0","0","15"
"487","487","4","1702000143","2","0","0","20"
"488","488","5","1702000143","2","0","0","25"
"489","489","6","1702000143","2","0","0","30"
"490","490","7","1702000143","2","0","0","35"
"491","491","1","1702000145","2","0","0","5"
"492","492","2","1702000145","2","0","0","10"
"493","493","3","1702000145","2","0","0","15"
"494","494","4","1702000145","2","0","0","20"
"495","495","5","1702000145","2","0","0","25"
"496","496","6","1702000145","2","0","0","30"
"497","497","7","1702000145","2","0","0","35"
"498","498","1","1702000147","2","0","0","5"
"499","499","2","1702000147","2","0","0","10"
"500","500","3","1702000147","2","0","0","15"
"501","501","4","1702000147","2","0","0","20"
"502","502","5","1702000147","2","0","0","25"
"503","503","6","1702000147","2","0","0","30"
"504","504","7","1702000147","2","0","0","35"
"505","505","1","1702000120","2","0","0","5"
"506","506","2","1702000120","2","0","0","10"
"507","507","3","1702000120","2","0","0","15"
"508","508","4","1702000120","2","0","0","20"
"509","509","5","1702000120","2","0","0","25"
"510","510","6","1702000120","2","0","0","30"
"511","511","7","1702000120","2","0","0","35"
"512","512","1","1702000121","2","0","0","5"
"513","513","2","1702000121","2","0","0","10"
"514","514","3","1702000121","2","0","0","15"
"515","515","4","1702000121","2","0","0","20"
"516","516","5","1702000121","2","0","0","25"
"517","517","6","1702000121","2","0","0","30"
"518","518","7","1702000121","2","0","0","35"
"519","519","1","1702000122","2","0","0","5"
"520","520","2","1702000122","2","0","0","10"
"521","521","3","1702000122","2","0","0","15"
"522","522","4","1702000122","2","0","0","20"
"523","523","5","1702000122","2","0","0","25"
"524","524","6","1702000122","2","0","0","30"
"525","525","7","1702000122","2","0","0","35"
"526","526","1","1702000123","2","0","0","5"
"527","527","2","1702000123","2","0","0","10"
"528","528","3","1702000123","2","0","0","15"
"529","529","4","1702000123","2","0","0","20"
"530","530","5","1702000123","2","0","0","25"
"531","531","6","1702000123","2","0","0","30"
"532","532","7","1702000123","2","0","0","35"
"533","533","1","1702000124","2","0","0","5"
"534","534","2","1702000124","2","0","0","10"
"535","535","3","1702000124","2","0","0","15"
"536","536","4","1702000124","2","0","0","20"
"537","537","5","1702000124","2","0","0","25"
"538","538","6","1702000124","2","0","0","30"
"539","539","7","1702000124","2","0","0","35"
"540","540","1","1702000130","2","0","0","5"
"541","541","2","1702000130","2","0","0","10"
"542","542","3","1702000130","2","0","0","15"
"543","543","4","1702000130","2","0","0","20"
"544","544","5","1702000130","2","0","0","25"
"545","545","6","1702000130","2","0","0","30"
"546","546","7","1702000130","2","0","0","35"
"547","547","1","1702000131","2","0","0","5"
"548","548","2","1702000131","2","0","0","10"
"549","549","3","1702000131","2","0","0","15"
"550","550","4","1702000131","2","0","0","20"
"551","551","5","1702000131","2","0","0","25"
"552","552","6","1702000131","2","0","0","30"
"553","553","7","1702000131","2","0","0","35"
"554","554","1","1702000132","2","0","0","5"
"555","555","2","1702000132","2","0","0","10"
"556","556","3","1702000132","2","0","0","15"
"557","557","4","1702000132","2","0","0","20"
"558","558","5","1702000132","2","0","0","25"
"559","559","6","1702000132","2","0","0","30"
"560","560","7","1702000132","2","0","0","35"
"561","561","1","1702000133","2","0","0","5"
"562","562","2","1702000133","2","0","0","10"
"563","563","3","1702000133","2","0","0","15"
"564","564","4","1702000133","2","0","0","20"
"565","565","5","1702000133","2","0","0","25"
"566","566","6","1702000133","2","0","0","30"
"567","567","7","1702000133","2","0","0","35"
"568","568","1","1702000134","2","0","0","5"
"569","569","2","1702000134","2","0","0","10"
"570","570","3","1702000134","2","0","0","15"
"571","571","4","1702000134","2","0","0","20"
"572","572","5","1702000134","2","0","0","25"
"573","573","6","1702000134","2","0","0","30"
"574","574","7","1702000134","2","0","0","35"
"575","575","1","1702000135","2","0","0","5"
"576","576","2","1702000135","2","0","0","10"
"577","577","3","1702000135","2","0","0","15"
"578","578","4","1702000135","2","0","0","20"
"579","579","5","1702000135","2","0","0","25"
"580","580","6","1702000135","2","0","0","30"
"581","581","7","1702000135","2","0","0","35"
"582","582","1","1702000136","2","0","0","5"
"583","583","2","1702000136","2","0","0","10"
"584","584","3","1702000136","2","0","0","15"
"585","585","4","1702000136","2","0","0","20"
"586","586","5","1702000136","2","0","0","25"
"587","587","6","1702000136","2","0","0","30"
"588","588","7","1702000136","2","0","0","35"
"589","589","1","1702000138","2","0","0","5"
"590","590","2","1702000138","2","0","0","10"
"591","591","3","1702000138","2","0","0","15"
"592","592","4","1702000138","2","0","0","20"
"593","593","5","1702000138","2","0","0","25"
"594","594","6","1702000138","2","0","0","30"
"595","595","7","1702000138","2","0","0","35"
"596","596","1","1702000140","2","0","0","5"
"597","597","2","1702000140","2","0","0","10"
"598","598","3","1702000140","2","0","0","15"
"599","599","4","1702000140","2","0","0","20"
"600","600","5","1702000140","2","0","0","25"
"601","601","6","1702000140","2","0","0","30"
"602","602","7","1702000140","2","0","0","35"
"603","603","1","1702000142","2","0","0","5"
"604","604","2","1702000142","2","0","0","10"
"605","605","3","1702000142","2","0","0","15"
"606","606","4","1702000142","2","0","0","20"
"607","607","5","1702000142","2","0","0","25"
"608","608","6","1702000142","2","0","0","30"
"609","609","7","1702000142","2","0","0","35"
"610","610","1","1702000144","2","0","0","5"
"611","611","2","1702000144","2","0","0","10"
"612","612","3","1702000144","2","0","0","15"
"613","613","4","1702000144","2","0","0","20"
"614","614","5","1702000144","2","0","0","25"
"615","615","6","1702000144","2","0","0","30"
"616","616","7","1702000144","2","0","0","35"
"617","617","1","1702000146","2","0","0","5"
"618","618","2","1702000146","2","0","0","10"
"619","619","3","1702000146","2","0","0","15"
"620","620","4","1702000146","2","0","0","20"
"621","621","5","1702000146","2","0","0","25"
"622","622","6","1702000146","2","0","0","30"
"623","623","7","1702000146","2","0","0","35"
"624","624","1","1702000148","2","0","0","5"
"625","625","2","1702000148","2","0","0","10"
"626","626","3","1702000148","2","0","0","15"
"627","627","4","1702000148","2","0","0","20"
"628","628","5","1702000148","2","0","0","25"
"629","629","6","1702000148","2","0","0","30"
"630","630","7","1702000148","2","0","0","35"
"2001","2001","1","1702020063","1","93","236","0"
"2002","2002","2","1702020063","1","93","472","0"
"2003","2003","3","1702020063","1","93","708","0"
"2004","2004","4","1702020063","1","93","945","0"
"2005","2005","5","1702020063","1","93","1181","0"
"2006","2006","6","1702020063","1","93","1417","0"
"2007","2007","7","1702020063","1","93","1653","0"
"2008","2008","1","1702020064","1","91","236","0"
"2009","2009","2","1702020064","1","91","472","0"
"2010","2010","3","1702020064","1","91","708","0"
"2011","2011","4","1702020064","1","91","945","0"
"2012","2012","5","1702020064","1","91","1181","0"
"2013","2013","6","1702020064","1","91","1417","0"
"2014","2014","7","1702020064","1","91","1653","0"
"2015","2015","1","1702020065","1","82","157","0"
"2016","2016","2","1702020065","1","82","315","0"
"2017","2017","3","1702020065","1","82","472","0"
"2018","2018","4","1702020065","1","82","630","0"
"2019","2019","5","1702020065","1","82","787","0"
"2020","2020","6","1702020065","1","82","945","0"
"2021","2021","7","1702020065","1","82","1102","0"
"2022","2022","1","1702020066","1","84","236","0"
"2023","2023","2","1702020066","1","84","472","0"
"2024","2024","3","1702020066","1","84","708","0"
"2025","2025","4","1702020066","1","84","945","0"
"2026","2026","5","1702020066","1","84","1181","0"
"2027","2027","6","1702020066","1","84","1417","0"
"2028","2028","7","1702020066","1","84","1653","0"
"2029","2029","1","1702020067","1","88","236","0"
"2030","2030","2","1702020067","1","88","472","0"
"2031","2031","3","1702020067","1","88","708","0"
"2032","2032","4","1702020067","1","88","945","0"
"2033","2033","5","1702020067","1","88","1181","0"
"2034","2034","6","1702020067","1","88","1417","0"
"2035","2035","7","1702020067","1","88","1653","0"
"2036","2036","1","1702020068","1","89","117","0"
"2037","2037","2","1702020068","1","89","234","0"
"2038","2038","3","1702020068","1","89","351","0"
"2039","2039","4","1702020068","1","89","468","0"
"2040","2040","5","1702020068","1","89","585","0"
"2041","2041","6","1702020068","1","89","702","0"
"2042","2042","7","1702020068","1","89","819","0"
"2043","2043","1","1702020069","1","146","9","0"
"2044","2044","2","1702020069","1","146","18","0"
"2045","2045","3","1702020069","1","146","28","0"
"2046","2046","4","1702020069","1","146","37","0"
"2047","2047","5","1702020069","1","146","47","0"
"2048","2048","6","1702020069","1","146","56","0"
"2049","2049","7","1702020069","1","146","66","0"
"2050","2050","1","1702020070","1","147","3","0"
"2051","2051","2","1702020070","1","147","7","0"
"2052","2052","3","1702020070","1","147","11","0"
"2053","2053","4","1702020070","1","147","15","0"
"2054","2054","5","1702020070","1","147","19","0"
"2055","2055","6","1702020070","1","147","23","0"
"2056","2056","7","1702020070","1","147","27","0"
"2057","2057","1","1702020071","1","148","11","0"
"2058","2058","2","1702020071","1","148","23","0"
"2059","2059","3","1702020071","1","148","35","0"
"2060","2060","4","1702020071","1","148","46","0"
"2061","2061","5","1702020071","1","148","58","0"
"2062","2062","6","1702020071","1","148","70","0"
"2063","2063","7","1702020071","1","148","81","0"
"2064","2064","1","1702020072","1","1","263","0"
"2065","2065","2","1702020072","1","1","527","0"
"2066","2066","3","1702020072","1","1","791","0"
"2067","2067","4","1702020072","1","1","1054","0"
"2068","2068","5","1702020072","1","1","1318","0"
"2069","2069","6","1702020072","1","1","1582","0"
"2070","2070","7","1702020072","1","1","1845","0"
"2071","2071","1","1702020073","1","6","63","0"
"2072","2072","2","1702020073","1","6","126","0"
"2073","2073","3","1702020073","1","6","189","0"
"2074","2074","4","1702020073","1","6","252","0"
"2075","2075","5","1702020073","1","6","315","0"
"2076","2076","6","1702020073","1","6","378","0"
"2077","2077","7","1702020073","1","6","441","0"
"2078","2078","1","1702020074","1","38","4","0"
"2079","2079","2","1702020074","1","38","9","0"
"2080","2080","3","1702020074","1","38","14","0"
"2081","2081","4","1702020074","1","38","19","0"
"2082","2082","5","1702020074","1","38","24","0"
"2083","2083","6","1702020074","1","38","28","0"
"2084","2084","7","1702020074","1","38","33","0"
"2085","2085","1","1702020075","1","39","4","0"
"2086","2086","2","1702020075","1","39","9","0"
"2087","2087","3","1702020075","1","39","14","0"
"2088","2088","4","1702020075","1","39","19","0"
"2089","2089","5","1702020075","1","39","24","0"
"2090","2090","6","1702020075","1","39","28","0"
"2091","2091","7","1702020075","1","39","33","0"
"2092","2092","1","1702020076","1","40","7","0"
"2093","2093","2","1702020076","1","40","15","0"
"2094","2094","3","1702020076","1","40","23","0"
"2095","2095","4","1702020076","1","40","31","0"
"2096","2096","5","1702020076","1","40","39","0"
"2097","2097","6","1702020076","1","40","47","0"
"2098","2098","7","1702020076","1","40","55","0"
"2099","2099","1","1702020077","1","42","7","0"
"2100","2100","2","1702020077","1","42","15","0"
"2101","2101","3","1702020077","1","42","23","0"
"2102","2102","4","1702020077","1","42","31","0"
"2103","2103","5","1702020077","1","42","39","0"
"2104","2104","6","1702020077","1","42","47","0"
"2105","2105","7","1702020077","1","42","55","0"
"2106","2106","1","1702020078","1","41","7","0"
"2107","2107","2","1702020078","1","41","15","0"
"2108","2108","3","1702020078","1","41","23","0"
"2109","2109","4","1702020078","1","41","31","0"
"2110","2110","5","1702020078","1","41","39","0"
"2111","2111","6","1702020078","1","41","47","0"
"2112","2112","7","1702020078","1","41","55","0"
"2113","2113","1","1702020079","1","32","14","0"
"2114","2114","2","1702020079","1","32","28","0"
"2115","2115","3","1702020079","1","32","42","0"
"2116","2116","4","1702020079","1","32","57","0"
"2117","2117","5","1702020079","1","32","71","0"
"2118","2118","6","1702020079","1","32","85","0"
"2119","2119","7","1702020079","1","32","99","0"
"2120","2120","1","1702020080","1","33","14","0"
"2121","2121","2","1702020080","1","33","28","0"
"2122","2122","3","1702020080","1","33","42","0"
"2123","2123","4","1702020080","1","33","57","0"
"2124","2124","5","1702020080","1","33","71","0"
"2125","2125","6","1702020080","1","33","85","0"
"2126","2126","7","1702020080","1","33","99","0"
"2127","2127","1","1702020081","1","48","15","0"
"2128","2128","2","1702020081","1","48","31","0"
"2129","2129","3","1702020081","1","48","47","0"
"2130","2130","4","1702020081","1","48","63","0"
"2131","2131","5","1702020081","1","48","78","0"
"2132","2132","6","1702020081","1","48","94","0"
"2133","2133","7","1702020081","1","48","110","0"
"2134","2134","1","1702020082","1","49","15","0"
"2135","2135","2","1702020082","1","49","31","0"
"2136","2136","3","1702020082","1","49","47","0"
"2137","2137","4","1702020082","1","49","63","0"
"2138","2138","5","1702020082","1","49","78","0"
"2139","2139","6","1702020082","1","49","94","0"
"2140","2140","7","1702020082","1","49","110","0"
"2141","2141","1","1702020083","1","50","15","0"
"2142","2142","2","1702020083","1","50","31","0"
"2143","2143","3","1702020083","1","50","47","0"
"2144","2144","4","1702020083","1","50","63","0"
"2145","2145","5","1702020083","1","50","78","0"
"2146","2146","6","1702020083","1","50","94","0"
"2147","2147","7","1702020083","1","50","110","0"
"2148","2148","1","1702020084","1","51","15","0"
"2149","2149","2","1702020084","1","51","31","0"
"2150","2150","3","1702020084","1","51","47","0"
"2151","2151","4","1702020084","1","51","63","0"
"2152","2152","5","1702020084","1","51","78","0"
"2153","2153","6","1702020084","1","51","94","0"
"2154","2154","7","1702020084","1","51","110","0"
"2155","2155","1","1702020085","1","52","15","0"
"2156","2156","2","1702020085","1","52","31","0"
"2157","2157","3","1702020085","1","52","47","0"
"2158","2158","4","1702020085","1","52","63","0"
"2159","2159","5","1702020085","1","52","78","0"
"2160","2160","6","1702020085","1","52","94","0"
"2161","2161","7","1702020085","1","52","110","0"
"2162","2162","1","1702020086","1","53","15","0"
"2163","2163","2","1702020086","1","53","31","0"
"2164","2164","3","1702020086","1","53","47","0"
"2165","2165","4","1702020086","1","53","63","0"
"2166","2166","5","1702020086","1","53","78","0"
"2167","2167","6","1702020086","1","53","94","0"
"2168","2168","7","1702020086","1","53","110","0"
"2169","2169","1","1702020087","1","119","15","0"
"2170","2170","2","1702020087","1","119","31","0"
"2171","2171","3","1702020087","1","119","47","0"
"2172","2172","4","1702020087","1","119","63","0"
"2173","2173","5","1702020087","1","119","78","0"
"2174","2174","6","1702020087","1","119","94","0"
"2175","2175","7","1702020087","1","119","110","0"
"2176","2176","1","1702020088","1","120","15","0"
"2177","2177","2","1702020088","1","120","31","0"
"2178","2178","3","1702020088","1","120","47","0"
"2179","2179","4","1702020088","1","120","63","0"
"2180","2180","5","1702020088","1","120","78","0"
"2181","2181","6","1702020088","1","120","94","0"
"2182","2182","7","1702020088","1","120","110","0"
"2183","2183","1","1702020127","1","43","7","0"
"2184","2184","2","1702020127","1","43","15","0"
"2185","2185","3","1702020127","1","43","23","0"
"2186","2186","4","1702020127","1","43","31","0"
"2187","2187","5","1702020127","1","43","39","0"
"2188","2188","6","1702020127","1","43","47","0"
"2189","2189","7","1702020127","1","43","55","0"
"2190","2190","1","1702020153","1","34","15","0"
"2191","2191","2","1702020153","1","34","31","0"
"2192","2192","3","1702020153","1","34","47","0"
"2193","2193","4","1702020153","1","34","63","0"
"2194","2194","5","1702020153","1","34","78","0"
"2195","2195","6","1702020153","1","34","94","0"
"2196","2196","7","1702020153","1","34","110","0"
"2197","2197","1","1702020154","1","35","15","0"
"2198","2198","2","1702020154","1","35","31","0"
"2199","2199","3","1702020154","1","35","47","0"
"2200","2200","4","1702020154","1","35","63","0"
"2201","2201","5","1702020154","1","35","78","0"
"2202","2202","6","1702020154","1","35","94","0"
"2203","2203","7","1702020154","1","35","110","0"
"2204","2204","1","1702020160","1","36","7","0"
"2205","2205","2","1702020160","1","36","15","0"
"2206","2206","3","1702020160","1","36","23","0"
"2207","2207","4","1702020160","1","36","31","0"
"2208","2208","5","1702020160","1","36","39","0"
"2209","2209","6","1702020160","1","36","47","0"
"2210","2210","7","1702020160","1","36","55","0"
"2211","2211","1","1702020094","1","93","337","0"
"2212","2212","2","1702020094","1","93","675","0"
"2213","2213","3","1702020094","1","93","1012","0"
"2214","2214","4","1702020094","1","93","1350","0"
"2215","2215","5","1702020094","1","93","1687","0"
"2216","2216","6","1702020094","1","93","2025","0"
"2217","2217","7","1702020094","1","93","2362","0"
"2218","2218","1","1702020095","1","91","337","0"
"2219","2219","2","1702020095","1","91","675","0"
"2220","2220","3","1702020095","1","91","1012","0"
"2221","2221","4","1702020095","1","91","1350","0"
"2222","2222","5","1702020095","1","91","1687","0"
"2223","2223","6","1702020095","1","91","2025","0"
"2224","2224","7","1702020095","1","91","2362","0"
"2225","2225","1","1702020096","1","82","225","0"
"2226","2226","2","1702020096","1","82","450","0"
"2227","2227","3","1702020096","1","82","675","0"
"2228","2228","4","1702020096","1","82","900","0"
"2229","2229","5","1702020096","1","82","1125","0"
"2230","2230","6","1702020096","1","82","1350","0"
"2231","2231","7","1702020096","1","82","1575","0"
"2232","2232","1","1702020097","1","84","337","0"
"2233","2233","2","1702020097","1","84","675","0"
"2234","2234","3","1702020097","1","84","1012","0"
"2235","2235","4","1702020097","1","84","1350","0"
"2236","2236","5","1702020097","1","84","1687","0"
"2237","2237","6","1702020097","1","84","2025","0"
"2238","2238","7","1702020097","1","84","2362","0"
"2239","2239","1","1702020098","1","88","337","0"
"2240","2240","2","1702020098","1","88","675","0"
"2241","2241","3","1702020098","1","88","1012","0"
"2242","2242","4","1702020098","1","88","1350","0"
"2243","2243","5","1702020098","1","88","1687","0"
"2244","2244","6","1702020098","1","88","2025","0"
"2245","2245","7","1702020098","1","88","2362","0"
"2246","2246","1","1702020099","1","89","168","0"
"2247","2247","2","1702020099","1","89","337","0"
"2248","2248","3","1702020099","1","89","506","0"
"2249","2249","4","1702020099","1","89","675","0"
"2250","2250","5","1702020099","1","89","843","0"
"2251","2251","6","1702020099","1","89","1012","0"
"2252","2252","7","1702020099","1","89","1181","0"
"2253","2253","1","1702020100","1","146","13","0"
"2254","2254","2","1702020100","1","146","27","0"
"2255","2255","3","1702020100","1","146","40","0"
"2256","2256","4","1702020100","1","146","54","0"
"2257","2257","5","1702020100","1","146","67","0"
"2258","2258","6","1702020100","1","146","81","0"
"2259","2259","7","1702020100","1","146","94","0"
"2260","2260","1","1702020101","1","147","5","0"
"2261","2261","2","1702020101","1","147","11","0"
"2262","2262","3","1702020101","1","147","17","0"
"2263","2263","4","1702020101","1","147","22","0"
"2264","2264","5","1702020101","1","147","28","0"
"2265","2265","6","1702020101","1","147","34","0"
"2266","2266","7","1702020101","1","147","39","0"
"2267","2267","1","1702020102","1","148","16","0"
"2268","2268","2","1702020102","1","148","33","0"
"2269","2269","3","1702020102","1","148","50","0"
"2270","2270","4","1702020102","1","148","67","0"
"2271","2271","5","1702020102","1","148","84","0"
"2272","2272","6","1702020102","1","148","101","0"
"2273","2273","7","1702020102","1","148","118","0"
"2274","2274","1","1702020103","1","1","376","0"
"2275","2275","2","1702020103","1","1","753","0"
"2276","2276","3","1702020103","1","1","1130","0"
"2277","2277","4","1702020103","1","1","1507","0"
"2278","2278","5","1702020103","1","1","1884","0"
"2279","2279","6","1702020103","1","1","2261","0"
"2280","2280","7","1702020103","1","1","2638","0"
"2281","2281","1","1702020104","1","6","90","0"
"2282","2282","2","1702020104","1","6","180","0"
"2283","2283","3","1702020104","1","6","270","0"
"2284","2284","4","1702020104","1","6","360","0"
"2285","2285","5","1702020104","1","6","450","0"
"2286","2286","6","1702020104","1","6","540","0"
"2287","2287","7","1702020104","1","6","630","0"
"2288","2288","1","1702020105","1","38","6","0"
"2289","2289","2","1702020105","1","38","13","0"
"2290","2290","3","1702020105","1","38","20","0"
"2291","2291","4","1702020105","1","38","27","0"
"2292","2292","5","1702020105","1","38","33","0"
"2293","2293","6","1702020105","1","38","40","0"
"2294","2294","7","1702020105","1","38","47","0"
"2295","2295","1","1702020106","1","39","6","0"
"2296","2296","2","1702020106","1","39","13","0"
"2297","2297","3","1702020106","1","39","20","0"
"2298","2298","4","1702020106","1","39","27","0"
"2299","2299","5","1702020106","1","39","33","0"
"2300","2300","6","1702020106","1","39","40","0"
"2301","2301","7","1702020106","1","39","47","0"
"2302","2302","1","1702020107","1","40","11","0"
"2303","2303","2","1702020107","1","40","22","0"
"2304","2304","3","1702020107","1","40","33","0"
"2305","2305","4","1702020107","1","40","45","0"
"2306","2306","5","1702020107","1","40","56","0"
"2307","2307","6","1702020107","1","40","67","0"
"2308","2308","7","1702020107","1","40","78","0"
"2309","2309","1","1702020108","1","42","11","0"
"2310","2310","2","1702020108","1","42","22","0"
"2311","2311","3","1702020108","1","42","33","0"
"2312","2312","4","1702020108","1","42","45","0"
"2313","2313","5","1702020108","1","42","56","0"
"2314","2314","6","1702020108","1","42","67","0"
"2315","2315","7","1702020108","1","42","78","0"
"2316","2316","1","1702020109","1","41","11","0"
"2317","2317","2","1702020109","1","41","22","0"
"2318","2318","3","1702020109","1","41","33","0"
"2319","2319","4","1702020109","1","41","45","0"
"2320","2320","5","1702020109","1","41","56","0"
"2321","2321","6","1702020109","1","41","67","0"
"2322","2322","7","1702020109","1","41","78","0"
"2323","2323","1","1702020110","1","32","20","0"
"2324","2324","2","1702020110","1","32","40","0"
"2325","2325","3","1702020110","1","32","60","0"
"2326","2326","4","1702020110","1","32","81","0"
"2327","2327","5","1702020110","1","32","101","0"
"2328","2328","6","1702020110","1","32","121","0"
"2329","2329","7","1702020110","1","32","141","0"
"2330","2330","1","1702020111","1","33","20","0"
"2331","2331","2","1702020111","1","33","40","0"
"2332","2332","3","1702020111","1","33","60","0"
"2333","2333","4","1702020111","1","33","81","0"
"2334","2334","5","1702020111","1","33","101","0"
"2335","2335","6","1702020111","1","33","121","0"
"2336","2336","7","1702020111","1","33","141","0"
"2337","2337","1","1702020112","1","48","22","0"
"2338","2338","2","1702020112","1","48","45","0"
"2339","2339","3","1702020112","1","48","67","0"
"2340","2340","4","1702020112","1","48","90","0"
"2341","2341","5","1702020112","1","48","112","0"
"2342","2342","6","1702020112","1","48","135","0"
"2343","2343","7","1702020112","1","48","157","0"
"2344","2344","1","1702020113","1","49","22","0"
"2345","2345","2","1702020113","1","49","45","0"
"2346","2346","3","1702020113","1","49","67","0"
"2347","2347","4","1702020113","1","49","90","0"
"2348","2348","5","1702020113","1","49","112","0"
"2349","2349","6","1702020113","1","49","135","0"
"2350","2350","7","1702020113","1","49","157","0"
"2351","2351","1","1702020114","1","50","22","0"
"2352","2352","2","1702020114","1","50","45","0"
"2353","2353","3","1702020114","1","50","67","0"
"2354","2354","4","1702020114","1","50","90","0"
"2355","2355","5","1702020114","1","50","112","0"
"2356","2356","6","1702020114","1","50","135","0"
"2357","2357","7","1702020114","1","50","157","0"
"2358","2358","1","1702020115","1","51","22","0"
"2359","2359","2","1702020115","1","51","45","0"
"2360","2360","3","1702020115","1","51","67","0"
"2361","2361","4","1702020115","1","51","90","0"
"2362","2362","5","1702020115","1","51","112","0"
"2363","2363","6","1702020115","1","51","135","0"
"2364","2364","7","1702020115","1","51","157","0"
"2365","2365","1","1702020116","1","52","22","0"
"2366","2366","2","1702020116","1","52","45","0"
"2367","2367","3","1702020116","1","52","67","0"
"2368","2368","4","1702020116","1","52","90","0"
"2369","2369","5","1702020116","1","52","112","0"
"2370","2370","6","1702020116","1","52","135","0"
"2371","2371","7","1702020116","1","52","157","0"
"2372","2372","1","1702020117","1","53","22","0"
"2373","2373","2","1702020117","1","53","45","0"
"2374","2374","3","1702020117","1","53","67","0"
"2375","2375","4","1702020117","1","53","90","0"
"2376","2376","5","1702020117","1","53","112","0"
"2377","2377","6","1702020117","1","53","135","0"
"2378","2378","7","1702020117","1","53","157","0"
"2379","2379","1","1702020118","1","119","22","0"
"2380","2380","2","1702020118","1","119","45","0"
"2381","2381","3","1702020118","1","119","67","0"
"2382","2382","4","1702020118","1","119","90","0"
"2383","2383","5","1702020118","1","119","112","0"
"2384","2384","6","1702020118","1","119","135","0"
"2385","2385","7","1702020118","1","119","157","0"
"2386","2386","1","1702020119","1","120","22","0"
"2387","2387","2","1702020119","1","120","45","0"
"2388","2388","3","1702020119","1","120","67","0"
"2389","2389","4","1702020119","1","120","90","0"
"2390","2390","5","1702020119","1","120","112","0"
"2391","2391","6","1702020119","1","120","135","0"
"2392","2392","7","1702020119","1","120","157","0"
"2393","2393","1","1702020128","1","43","11","0"
"2394","2394","2","1702020128","1","43","22","0"
"2395","2395","3","1702020128","1","43","33","0"
"2396","2396","4","1702020128","1","43","45","0"
"2397","2397","5","1702020128","1","43","56","0"
"2398","2398","6","1702020128","1","43","67","0"
"2399","2399","7","1702020128","1","43","78","0"
"2400","2400","1","1702020155","1","34","22","0"
"2401","2401","2","1702020155","1","34","45","0"
"2402","2402","3","1702020155","1","34","67","0"
"2403","2403","4","1702020155","1","34","90","0"
"2404","2404","5","1702020155","1","34","112","0"
"2405","2405","6","1702020155","1","34","135","0"
"2406","2406","7","1702020155","1","34","157","0"
"2407","2407","1","1702020156","1","35","22","0"
"2408","2408","2","1702020156","1","35","45","0"
"2409","2409","3","1702020156","1","35","67","0"
"2410","2410","4","1702020156","1","35","90","0"
"2411","2411","5","1702020156","1","35","112","0"
"2412","2412","6","1702020156","1","35","135","0"
"2413","2413","7","1702020156","1","35","157","0"
"2414","2414","1","1702020161","1","36","11","0"
"2415","2415","2","1702020161","1","36","22","0"
"2416","2416","3","1702020161","1","36","33","0"
"2417","2417","4","1702020161","1","36","45","0"
"2418","2418","5","1702020161","1","36","56","0"
"2419","2419","6","1702020161","1","36","67","0"
"2420","2420","7","1702020161","1","36","78","0"
"2421","2421","1","1702020089","2","0","0","5"
"2422","2422","2","1702020089","2","0","0","10"
"2423","2423","3","1702020089","2","0","0","15"
"2424","2424","4","1702020089","2","0","0","20"
"2425","2425","5","1702020089","2","0","0","25"
"2426","2426","6","1702020089","2","0","0","31"
"2427","2427","7","1702020089","2","0","0","37"
"2428","2428","1","1702020090","2","0","0","5"
"2429","2429","2","1702020090","2","0","0","10"
"2430","2430","3","1702020090","2","0","0","15"
"2431","2431","4","1702020090","2","0","0","20"
"2432","2432","5","1702020090","2","0","0","25"
"2433","2433","6","1702020090","2","0","0","31"
"2434","2434","7","1702020090","2","0","0","37"
"2435","2435","1","1702020091","2","0","0","5"
"2436","2436","2","1702020091","2","0","0","10"
"2437","2437","3","1702020091","2","0","0","15"
"2438","2438","4","1702020091","2","0","0","20"
"2439","2439","5","1702020091","2","0","0","25"
"2440","2440","6","1702020091","2","0","0","31"
"2441","2441","7","1702020091","2","0","0","37"
"2442","2442","1","1702020092","2","0","0","5"
"2443","2443","2","1702020092","2","0","0","10"
"2444","2444","3","1702020092","2","0","0","15"
"2445","2445","4","1702020092","2","0","0","20"
"2446","2446","5","1702020092","2","0","0","25"
"2447","2447","6","1702020092","2","0","0","31"
"2448","2448","7","1702020092","2","0","0","37"
"2449","2449","1","1702020093","2","0","0","5"
"2450","2450","2","1702020093","2","0","0","10"
"2451","2451","3","1702020093","2","0","0","15"
"2452","2452","4","1702020093","2","0","0","20"
"2453","2453","5","1702020093","2","0","0","25"
"2454","2454","6","1702020093","2","0","0","31"
"2455","2455","7","1702020093","2","0","0","37"
"2456","2456","1","1702020129","2","0","0","5"
"2457","2457","2","1702020129","2","0","0","10"
"2458","2458","3","1702020129","2","0","0","15"
"2459","2459","4","1702020129","2","0","0","20"
"2460","2460","5","1702020129","2","0","0","25"
"2461","2461","6","1702020129","2","0","0","31"
"2462","2462","7","1702020129","2","0","0","37"
"2463","2463","1","1702020137","2","0","0","5"
"2464","2464","2","1702020137","2","0","0","10"
"2465","2465","3","1702020137","2","0","0","15"
"2466","2466","4","1702020137","2","0","0","20"
"2467","2467","5","1702020137","2","0","0","25"
"2468","2468","6","1702020137","2","0","0","31"
"2469","2469","7","1702020137","2","0","0","37"
"2470","2470","1","1702020139","2","0","0","5"
"2471","2471","2","1702020139","2","0","0","10"
"2472","2472","3","1702020139","2","0","0","15"
"2473","2473","4","1702020139","2","0","0","20"
"2474","2474","5","1702020139","2","0","0","25"
"2475","2475","6","1702020139","2","0","0","31"
"2476","2476","7","1702020139","2","0","0","37"
"2477","2477","1","1702020141","2","0","0","5"
"2478","2478","2","1702020141","2","0","0","10"
"2479","2479","3","1702020141","2","0","0","15"
"2480","2480","4","1702020141","2","0","0","20"
"2481","2481","5","1702020141","2","0","0","25"
"2482","2482","6","1702020141","2","0","0","31"
"2483","2483","7","1702020141","2","0","0","37"
"2484","2484","1","1702020143","2","0","0","5"
"2485","2485","2","1702020143","2","0","0","10"
"2486","2486","3","1702020143","2","0","0","15"
"2487","2487","4","1702020143","2","0","0","20"
"2488","2488","5","1702020143","2","0","0","25"
"2489","2489","6","1702020143","2","0","0","31"
"2490","2490","7","1702020143","2","0","0","37"
"2491","2491","1","1702020145","2","0","0","5"
"2492","2492","2","1702020145","2","0","0","10"
"2493","2493","3","1702020145","2","0","0","15"
"2494","2494","4","1702020145","2","0","0","20"
"2495","2495","5","1702020145","2","0","0","25"
"2496","2496","6","1702020145","2","0","0","31"
"2497","2497","7","1702020145","2","0","0","37"
"2498","2498","1","1702020147","2","0","0","5"
"2499","2499","2","1702020147","2","0","0","10"
"2500","2500","3","1702020147","2","0","0","15"
"2501","2501","4","1702020147","2","0","0","20"
"2502","2502","5","1702020147","2","0","0","25"
"2503","2503","6","1702020147","2","0","0","31"
"2504","2504","7","1702020147","2","0","0","37"
"2505","2505","1","1702020120","2","0","0","5"
"2506","2506","2","1702020120","2","0","0","10"
"2507","2507","3","1702020120","2","0","0","15"
"2508","2508","4","1702020120","2","0","0","20"
"2509","2509","5","1702020120","2","0","0","25"
"2510","2510","6","1702020120","2","0","0","31"
"2511","2511","7","1702020120","2","0","0","37"
"2512","2512","1","1702020121","2","0","0","5"
"2513","2513","2","1702020121","2","0","0","10"
"2514","2514","3","1702020121","2","0","0","15"
"2515","2515","4","1702020121","2","0","0","20"
"2516","2516","5","1702020121","2","0","0","25"
"2517","2517","6","1702020121","2","0","0","31"
"2518","2518","7","1702020121","2","0","0","37"
"2519","2519","1","1702020122","2","0","0","5"
"2520","2520","2","1702020122","2","0","0","10"
"2521","2521","3","1702020122","2","0","0","15"
"2522","2522","4","1702020122","2","0","0","20"
"2523","2523","5","1702020122","2","0","0","25"
"2524","2524","6","1702020122","2","0","0","31"
"2525","2525","7","1702020122","2","0","0","37"
"2526","2526","1","1702020123","2","0","0","5"
"2527","2527","2","1702020123","2","0","0","10"
"2528","2528","3","1702020123","2","0","0","15"
"2529","2529","4","1702020123","2","0","0","20"
"2530","2530","5","1702020123","2","0","0","25"
"2531","2531","6","1702020123","2","0","0","31"
"2532","2532","7","1702020123","2","0","0","37"
"2533","2533","1","1702020124","2","0","0","5"
"2534","2534","2","1702020124","2","0","0","10"
"2535","2535","3","1702020124","2","0","0","15"
"2536","2536","4","1702020124","2","0","0","20"
"2537","2537","5","1702020124","2","0","0","25"
"2538","2538","6","1702020124","2","0","0","31"
"2539","2539","7","1702020124","2","0","0","37"
"2540","2540","1","1702020130","2","0","0","5"
"2541","2541","2","1702020130","2","0","0","10"
"2542","2542","3","1702020130","2","0","0","15"
"2543","2543","4","1702020130","2","0","0","20"
"2544","2544","5","1702020130","2","0","0","25"
"2545","2545","6","1702020130","2","0","0","31"
"2546","2546","7","1702020130","2","0","0","37"
"2547","2547","1","1702020131","2","0","0","5"
"2548","2548","2","1702020131","2","0","0","10"
"2549","2549","3","1702020131","2","0","0","15"
"2550","2550","4","1702020131","2","0","0","20"
"2551","2551","5","1702020131","2","0","0","25"
"2552","2552","6","1702020131","2","0","0","31"
"2553","2553","7","1702020131","2","0","0","37"
"2554","2554","1","1702020132","2","0","0","5"
"2555","2555","2","1702020132","2","0","0","10"
"2556","2556","3","1702020132","2","0","0","15"
"2557","2557","4","1702020132","2","0","0","20"
"2558","2558","5","1702020132","2","0","0","25"
"2559","2559","6","1702020132","2","0","0","31"
"2560","2560","7","1702020132","2","0","0","37"
"2561","2561","1","1702020133","2","0","0","5"
"2562","2562","2","1702020133","2","0","0","10"
"2563","2563","3","1702020133","2","0","0","15"
"2564","2564","4","1702020133","2","0","0","20"
"2565","2565","5","1702020133","2","0","0","25"
"2566","2566","6","1702020133","2","0","0","31"
"2567","2567","7","1702020133","2","0","0","37"
"2568","2568","1","1702020134","2","0","0","5"
"2569","2569","2","1702020134","2","0","0","10"
"2570","2570","3","1702020134","2","0","0","15"
"2571","2571","4","1702020134","2","0","0","20"
"2572","2572","5","1702020134","2","0","0","25"
"2573","2573","6","1702020134","2","0","0","31"
"2574","2574","7","1702020134","2","0","0","37"
"2575","2575","1","1702020135","2","0","0","5"
"2576","2576","2","1702020135","2","0","0","10"
"2577","2577","3","1702020135","2","0","0","15"
"2578","2578","4","1702020135","2","0","0","20"
"2579","2579","5","1702020135","2","0","0","25"
"2580","2580","6","1702020135","2","0","0","31"
"2581","2581","7","1702020135","2","0","0","37"
"2582","2582","1","1702020136","2","0","0","5"
"2583","2583","2","1702020136","2","0","0","10"
"2584","2584","3","1702020136","2","0","0","15"
"2585","2585","4","1702020136","2","0","0","20"
"2586","2586","5","1702020136","2","0","0","25"
"2587","2587","6","1702020136","2","0","0","31"
"2588","2588","7","1702020136","2","0","0","37"
"2589","2589","1","1702020138","2","0","0","5"
"2590","2590","2","1702020138","2","0","0","10"
"2591","2591","3","1702020138","2","0","0","15"
"2592","2592","4","1702020138","2","0","0","20"
"2593","2593","5","1702020138","2","0","0","25"
"2594","2594","6","1702020138","2","0","0","31"
"2595","2595","7","1702020138","2","0","0","37"
"2596","2596","1","1702020140","2","0","0","5"
"2597","2597","2","1702020140","2","0","0","10"
"2598","2598","3","1702020140","2","0","0","15"
"2599","2599","4","1702020140","2","0","0","20"
"2600","2600","5","1702020140","2","0","0","25"
"2601","2601","6","1702020140","2","0","0","31"
"2602","2602","7","1702020140","2","0","0","37"
"2603","2603","1","1702020142","2","0","0","5"
"2604","2604","2","1702020142","2","0","0","10"
"2605","2605","3","1702020142","2","0","0","15"
"2606","2606","4","1702020142","2","0","0","20"
"2607","2607","5","1702020142","2","0","0","25"
"2608","2608","6","1702020142","2","0","0","31"
"2609","2609","7","1702020142","2","0","0","37"
"2610","2610","1","1702020144","2","0","0","5"
"2611","2611","2","1702020144","2","0","0","10"
"2612","2612","3","1702020144","2","0","0","15"
"2613","2613","4","1702020144","2","0","0","20"
"2614","2614","5","1702020144","2","0","0","25"
"2615","2615","6","1702020144","2","0","0","31"
"2616","2616","7","1702020144","2","0","0","37"
"2617","2617","1","1702020146","2","0","0","5"
"2618","2618","2","1702020146","2","0","0","10"
"2619","2619","3","1702020146","2","0","0","15"
"2620","2620","4","1702020146","2","0","0","20"
"2621","2621","5","1702020146","2","0","0","25"
"2622","2622","6","1702020146","2","0","0","31"
"2623","2623","7","1702020146","2","0","0","37"
"2624","2624","1","1702020148","2","0","0","5"
"2625","2625","2","1702020148","2","0","0","10"
"2626","2626","3","1702020148","2","0","0","15"
"2627","2627","4","1702020148","2","0","0","20"
"2628","2628","5","1702020148","2","0","0","25"
"2629","2629","6","1702020148","2","0","0","31"
"2630","2630","7","1702020148","2","0","0","37"
